Time,DeploymentMode,UavIndex,UavCellId,XhaulRsrpDbm,RawXhaulState,RawXhaulStateAgeSec,XhaulState,DonorUnavailableActive,SatBackhaulDlSnrDb,SatBackhaulUlSnrDb,SatBackhaulHealthy,BackhaulMode,AiBackhaulMode,AiMatchesRule,NormalUeHandoverAllowed
4.5,tn-uav-satellite,0,5,-87.2866,HEALTHY,0,HEALTHY,0,13.3188,8.79816,1,TN_DIRECT,TN_DIRECT,True,1
4.5,tn-uav-satellite,1,6,-114.344,UNREACHABLE,0,UNREACHABLE,0,12.0817,7.56106,1,SATELLITE_FALLBACK,SATELLITE_FALLBACK,True,1
4.5,tn-uav-satellite,2,7,-99.9319,HEALTHY,0,HEALTHY,0,16.2705,12.3665,1,TN_DIRECT,TN_DIRECT,True,1
6.5,tn-uav-satellite,0,5,-92.4462,HEALTHY,2,HEALTHY,0,10.7993,6.27871,1,TN_DIRECT,TN_DIRECT,True,1
6.5,tn-uav-satellite,1,6,-113.684,UNREACHABLE,2,UNREACHABLE,0,13.3804,8.85978,1,SATELLITE_FALLBACK,SATELLITE_FALLBACK,True,1
6.5,tn-uav-satellite,2,7,-103.446,UNREACHABLE,0,HEALTHY,0,14.9053,10.3847,1,TN_DIRECT,TN_DIRECT,True,1
8.5,tn-uav-satellite,0,5,-90.2313,HEALTHY,4,HEALTHY,0,13.7161,9.19547,1,TN_DIRECT,TN_DIRECT,True,1
8.5,tn-uav-satellite,1,6,-108.406,UNREACHABLE,4,UNREACHABLE,0,14.0785,9.55785,1,SATELLITE_FALLBACK,SATELLITE_FALLBACK,True,1
8.5,tn-uav-satellite,2,7,-102.787,UNREACHABLE,2,HEALTHY,0,13.2012,8.68056,1,TN_DIRECT,TN_DIRECT,True,1
10.5,tn-uav-satellite,2,7,-99.8679,HEALTHY,0,HEALTHY,0,11.2098,6.68915,1,TN_DIRECT,TN_DIRECT,True,1
10.5,tn-uav-satellite,1,6,-108.639,UNREACHABLE,6,UNREACHABLE,0,11.9721,7.45152,1,SATELLITE_FALLBACK,SATELLITE_FALLBACK,True,1
10.5,tn-uav-satellite,0,5,-98.8638,HEALTHY,6,HEALTHY,0,13.8483,9.32768,1,TN_DIRECT,TN_DIRECT,True,1
12.5,tn-uav-satellite,0,5,-91.5991,HEALTHY,8,HEALTHY,0,10.2122,5.69165,1,TN_DIRECT,TN_DIRECT,True,1
12.5,tn-uav-satellite,1,6,-108.962,UNREACHABLE,8,UNREACHABLE,0,11.3375,6.81687,1,SATELLITE_FALLBACK,SATELLITE_FALLBACK,True,1
12.5,tn-uav-satellite,2,7,-102.655,UNREACHABLE,0,HEALTHY,0,8.52141,4.00081,1,TN_DIRECT,TN_DIRECT,True,1
14.5,tn-uav-satellite,0,5,-91.3079,HEALTHY,10,HEALTHY,0,15.3999,10.8793,1,TN_DIRECT,TN_DIRECT,True,1
14.5,tn-uav-satellite,1,6,-105.424,UNREACHABLE,10,UNREACHABLE,0,13.1673,8.64674,1,SATELLITE_FALLBACK,SATELLITE_FALLBACK,True,1
14.5,tn-uav-satellite,2,7,-100.292,UNREACHABLE,2,HEALTHY,0,13.9176,9.39698,1,TN_DIRECT,TN_DIRECT,True,1
16.5,tn-uav-satellite,0,5,-92.0957,HEALTHY,12,HEALTHY,0,15.4269,10.9063,1,TN_DIRECT,TN_DIRECT,True,1
16.5,tn-uav-satellite,1,6,-107.51,UNREACHABLE,12,UNREACHABLE,0,12.1979,7.67734,1,SATELLITE_FALLBACK,SATELLITE_FALLBACK,True,1
16.5,tn-uav-satellite,2,7,-102.549,UNREACHABLE,4,HEALTHY,0,12.8466,8.326,1,TN_DIRECT,TN_DIRECT,True,1
18.5,tn-uav-satellite,2,7,-104.269,UNREACHABLE,6,UNREACHABLE,0,11.7208,7.20023,1,SATELLITE_FALLBACK,SATELLITE_FALLBACK,True,1
18.5,tn-uav-satellite,0,5,-89.5111,HEALTHY,14,HEALTHY,0,13.155,8.63441,1,TN_DIRECT,TN_DIRECT,True,1
18.5,tn-uav-satellite,1,6,-113.69,UNREACHABLE,14,UNREACHABLE,0,10.4969,5.97633,1,SATELLITE_FALLBACK,SATELLITE_FALLBACK,True,1
20.5,tn-uav-satellite,0,5,-97.6462,HEALTHY,16,HEALTHY,0,14.1609,9.64033,1,TN_DIRECT,TN_DIRECT,True,1
20.5,tn-uav-satellite,1,6,-108.714,UNREACHABLE,16,UNREACHABLE,0,13.1066,8.58597,1,SATELLITE_FALLBACK,SATELLITE_FALLBACK,True,1
20.5,tn-uav-satellite,2,7,-101.913,UNREACHABLE,8,UNREACHABLE,0,11.2306,6.71004,1,SATELLITE_FALLBACK,SATELLITE_FALLBACK,True,1
22.5,tn-uav-satellite,0,5,-87.57,HEALTHY,18,HEALTHY,0,13.1061,8.58546,1,TN_DIRECT,TN_DIRECT,True,1
22.5,tn-uav-satellite,1,6,-110.783,UNREACHABLE,18,UNREACHABLE,0,10.7461,6.22547,1,SATELLITE_FALLBACK,SATELLITE_FALLBACK,True,1
22.5,tn-uav-satellite,2,7,-103.256,UNREACHABLE,10,UNREACHABLE,0,13.2519,8.73134,1,SATELLITE_FALLBACK,SATELLITE_FALLBACK,True,1
24.5,tn-uav-satellite,2,7,-105.311,UNREACHABLE,12,UNREACHABLE,0,11.0936,9.54706,1,SATELLITE_FALLBACK,SATELLITE_FALLBACK,True,1
24.5,tn-uav-satellite,1,6,-112.463,UNREACHABLE,20,UNREACHABLE,0,11.0936,9.12694,1,SATELLITE_FALLBACK,SATELLITE_FALLBACK,True,1
24.5,tn-uav-satellite,0,5,-92.7111,HEALTHY,20,HEALTHY,0,11.0936,9.03258,1,TN_DIRECT,TN_DIRECT,True,1
26.5,tn-uav-satellite,0,5,-83.0944,HEALTHY,22,HEALTHY,0,12.5919,8.07128,1,TN_DIRECT,TN_DIRECT,True,1
26.5,tn-uav-satellite,1,6,-117.382,UNREACHABLE,22,UNREACHABLE,0,9.09641,4.57581,1,SATELLITE_FALLBACK,SATELLITE_FALLBACK,True,1
26.5,tn-uav-satellite,2,7,-108.629,UNREACHABLE,14,UNREACHABLE,0,12.0767,7.55612,1,SATELLITE_FALLBACK,SATELLITE_FALLBACK,True,1
28.5,tn-uav-satellite,0,5,-80.793,HEALTHY,24,HEALTHY,0,12.4867,7.96609,1,TN_DIRECT,TN_DIRECT,True,1
28.5,tn-uav-satellite,1,6,-117.146,UNREACHABLE,24,UNREACHABLE,0,11.6335,7.11292,1,SATELLITE_FALLBACK,SATELLITE_FALLBACK,True,1
28.5,tn-uav-satellite,2,7,-111.602,UNREACHABLE,16,UNREACHABLE,0,12.0577,7.53712,1,SATELLITE_FALLBACK,SATELLITE_FALLBACK,True,1
30.5,tn-uav-satellite,1,6,-106.73,UNREACHABLE,26,UNREACHABLE,0,11.9628,7.44224,1,SATELLITE_FALLBACK,SATELLITE_FALLBACK,True,1
30.5,tn-uav-satellite,2,7,-108.49,UNREACHABLE,18,UNREACHABLE,0,12.1976,7.67697,1,SATELLITE_FALLBACK,SATELLITE_FALLBACK,True,1
30.5,tn-uav-satellite,0,5,-78.3509,HEALTHY,26,HEALTHY,0,13.8974,9.37681,1,TN_DIRECT,TN_DIRECT,True,1
32.5,tn-uav-satellite,2,7,-109.393,UNREACHABLE,20,UNREACHABLE,0,15.1017,10.5811,1,SATELLITE_FALLBACK,SATELLITE_FALLBACK,True,1
32.5,tn-uav-satellite,0,5,-80.9133,HEALTHY,28,HEALTHY,0,9.25651,4.73591,1,TN_DIRECT,TN_DIRECT,True,1
32.5,tn-uav-satellite,1,6,-113.567,UNREACHABLE,28,UNREACHABLE,0,12.3937,7.87314,1,SATELLITE_FALLBACK,SATELLITE_FALLBACK,True,1
34.5,tn-uav-satellite,0,5,-82.9408,HEALTHY,30,HEALTHY,0,11.1344,6.6138,1,TN_DIRECT,TN_DIRECT,True,1
34.5,tn-uav-satellite,1,6,-112.247,UNREACHABLE,30,UNREACHABLE,0,11.8441,7.3235,1,SATELLITE_FALLBACK,SATELLITE_FALLBACK,True,1
34.5,tn-uav-satellite,2,7,-110.874,UNREACHABLE,22,UNREACHABLE,0,13.5523,9.03168,1,SATELLITE_FALLBACK,SATELLITE_FALLBACK,True,1
36.5,tn-uav-satellite,0,5,-79.4288,HEALTHY,32,HEALTHY,0,12.7031,8.18249,1,TN_DIRECT,TN_DIRECT,True,1
36.5,tn-uav-satellite,1,6,-114.589,UNREACHABLE,32,UNREACHABLE,0,13.3747,8.85408,1,SATELLITE_FALLBACK,SATELLITE_FALLBACK,True,1
36.5,tn-uav-satellite,2,7,-108.151,UNREACHABLE,24,UNREACHABLE,0,9.20502,4.68442,1,SATELLITE_FALLBACK,SATELLITE_FALLBACK,True,1
38.5,tn-uav-satellite,1,6,-110.794,UNREACHABLE,34,UNREACHABLE,0,12.68,8.15937,1,SATELLITE_FALLBACK,SATELLITE_FALLBACK,True,1
38.5,tn-uav-satellite,2,7,-112.664,UNREACHABLE,26,UNREACHABLE,0,11.6128,7.09217,1,SATELLITE_FALLBACK,SATELLITE_FALLBACK,True,1
38.5,tn-uav-satellite,0,5,-71.4131,HEALTHY,34,HEALTHY,0,14.4969,9.97627,1,TN_DIRECT,TN_DIRECT,True,1
40.5,tn-uav-satellite,0,5,-73.5935,HEALTHY,36,HEALTHY,0,11.048,6.52741,1,TN_DIRECT,TN_DIRECT,True,1
40.5,tn-uav-satellite,1,6,-109.452,UNREACHABLE,36,UNREACHABLE,0,12.1914,7.67082,1,SATELLITE_FALLBACK,SATELLITE_FALLBACK,True,1
40.5,tn-uav-satellite,2,7,-108.863,UNREACHABLE,28,UNREACHABLE,0,15.2219,10.7013,1,SATELLITE_FALLBACK,SATELLITE_FALLBACK,True,1
42.5,tn-uav-satellite,0,5,-69.9442,HEALTHY,38,HEALTHY,0,10.7236,6.20304,1,TN_DIRECT,TN_DIRECT,True,1
42.5,tn-uav-satellite,1,6,-111.669,UNREACHABLE,38,UNREACHABLE,0,11.7303,7.20972,1,SATELLITE_FALLBACK,SATELLITE_FALLBACK,True,1
42.5,tn-uav-satellite,2,7,-109.273,UNREACHABLE,30,UNREACHABLE,0,10.9512,6.43061,1,SATELLITE_FALLBACK,SATELLITE_FALLBACK,True,1
44.5,tn-uav-satellite,0,5,-69.9824,HEALTHY,40,HEALTHY,0,10.9469,6.42627,1,TN_DIRECT,TN_DIRECT,True,1
44.5,tn-uav-satellite,1,6,-113.7,UNREACHABLE,40,UNREACHABLE,0,13.8665,9.34587,1,SATELLITE_FALLBACK,SATELLITE_FALLBACK,True,1
44.5,tn-uav-satellite,2,7,-115.432,UNREACHABLE,32,UNREACHABLE,0,13.7495,9.2289,1,SATELLITE_FALLBACK,SATELLITE_FALLBACK,True,1
46.5,tn-uav-satellite,2,7,-109.524,UNREACHABLE,34,UNREACHABLE,0,11.3849,6.86427,1,SATELLITE_FALLBACK,SATELLITE_FALLBACK,True,1
46.5,tn-uav-satellite,1,6,-118.51,UNREACHABLE,42,UNREACHABLE,0,13.2639,8.74335,1,SATELLITE_FALLBACK,SATELLITE_FALLBACK,True,1
46.5,tn-uav-satellite,0,5,-66.812,HEALTHY,42,HEALTHY,0,11.0857,6.56515,1,TN_DIRECT,TN_DIRECT,True,1
48.5,tn-uav-satellite,0,5,-68.2078,HEALTHY,44,HEALTHY,0,11.8099,7.28928,1,TN_DIRECT,TN_DIRECT,True,1
48.5,tn-uav-satellite,1,6,-113.463,UNREACHABLE,44,UNREACHABLE,0,12.2406,7.72002,1,SATELLITE_FALLBACK,SATELLITE_FALLBACK,True,1
48.5,tn-uav-satellite,2,7,-110.969,UNREACHABLE,36,UNREACHABLE,0,12.7295,8.20887,1,SATELLITE_FALLBACK,SATELLITE_FALLBACK,True,1
50.5,tn-uav-satellite,0,5,-63.8536,HEALTHY,46,HEALTHY,0,13.3351,8.81451,1,TN_DIRECT,TN_DIRECT,True,1
50.5,tn-uav-satellite,1,6,-115.394,UNREACHABLE,46,UNREACHABLE,0,13.6362,9.11556,1,SATELLITE_FALLBACK,SATELLITE_FALLBACK,True,1
50.5,tn-uav-satellite,2,7,-116.42,UNREACHABLE,38,UNREACHABLE,0,14.3266,9.80601,1,SATELLITE_FALLBACK,SATELLITE_FALLBACK,True,1
52.5,tn-uav-satellite,1,6,-116.885,UNREACHABLE,48,UNREACHABLE,0,10.7044,6.18376,1,SATELLITE_FALLBACK,SATELLITE_FALLBACK,True,1
52.5,tn-uav-satellite,0,5,-63.4049,HEALTHY,48,HEALTHY,0,13.0954,8.57482,1,TN_DIRECT,TN_DIRECT,True,1
52.5,tn-uav-satellite,2,7,-118.263,UNREACHABLE,40,UNREACHABLE,0,12.5253,8.00473,1,SATELLITE_FALLBACK,SATELLITE_FALLBACK,True,1
54.5,tn-uav-satellite,0,5,-64.0251,HEALTHY,50,HEALTHY,0,14.9688,10.4482,1,TN_DIRECT,TN_DIRECT,True,1
54.5,tn-uav-satellite,1,6,-115.97,UNREACHABLE,50,UNREACHABLE,0,12.2666,7.746,1,SATELLITE_FALLBACK,SATELLITE_FALLBACK,True,1
54.5,tn-uav-satellite,2,7,-115.857,UNREACHABLE,42,UNREACHABLE,0,14.417,9.89639,1,SATELLITE_FALLBACK,SATELLITE_FALLBACK,True,1
56.5,tn-uav-satellite,1,6,-117.041,UNREACHABLE,52,UNREACHABLE,0,13.3222,8.80163,1,SATELLITE_FALLBACK,SATELLITE_FALLBACK,True,1
56.5,tn-uav-satellite,2,7,-114.922,UNREACHABLE,44,UNREACHABLE,0,12.0532,7.53264,1,SATELLITE_FALLBACK,SATELLITE_FALLBACK,True,1
56.5,tn-uav-satellite,0,5,-69.7511,HEALTHY,52,HEALTHY,0,11.8951,7.3745,1,TN_DIRECT,TN_DIRECT,True,1
58.5,tn-uav-satellite,1,6,-117.063,UNREACHABLE,54,UNREACHABLE,0,8.74477,4.22417,1,SATELLITE_FALLBACK,SATELLITE_FALLBACK,True,1
58.5,tn-uav-satellite,2,7,-116.722,UNREACHABLE,46,UNREACHABLE,0,10.8035,6.28292,1,SATELLITE_FALLBACK,SATELLITE_FALLBACK,True,1
58.5,tn-uav-satellite,0,5,-69.5934,HEALTHY,54,HEALTHY,0,10.0755,5.55486,1,TN_DIRECT,TN_DIRECT,True,1
60.5,tn-uav-satellite,1,6,-119.801,UNREACHABLE,56,UNREACHABLE,0,11.8269,7.30629,1,SATELLITE_FALLBACK,SATELLITE_FALLBACK,True,1
60.5,tn-uav-satellite,2,7,-115.593,UNREACHABLE,48,UNREACHABLE,0,13.476,8.95543,1,SATELLITE_FALLBACK,SATELLITE_FALLBACK,True,1
60.5,tn-uav-satellite,0,5,-65.9422,HEALTHY,56,HEALTHY,0,9.39292,4.87232,1,TN_DIRECT,TN_DIRECT,True,1
62.5,tn-uav-satellite,0,5,-66.6805,HEALTHY,58,HEALTHY,0,10.9058,6.38522,1,TN_DIRECT,TN_DIRECT,True,1
62.5,tn-uav-satellite,1,6,-117.251,UNREACHABLE,58,UNREACHABLE,0,11.7743,7.25373,1,SATELLITE_FALLBACK,SATELLITE_FALLBACK,True,1
62.5,tn-uav-satellite,2,7,-113.167,UNREACHABLE,50,UNREACHABLE,0,15.1482,10.6276,1,SATELLITE_FALLBACK,SATELLITE_FALLBACK,True,1
64.5,tn-uav-satellite,0,5,-62.1806,HEALTHY,60,HEALTHY,0,12.8514,8.33078,1,TN_DIRECT,TN_DIRECT,True,1
64.5,tn-uav-satellite,1,6,-118.978,UNREACHABLE,60,UNREACHABLE,0,6.7902,2.2696,1,SATELLITE_FALLBACK,SATELLITE_FALLBACK,True,1
64.5,tn-uav-satellite,2,7,-114.859,UNREACHABLE,52,UNREACHABLE,0,10.2751,5.75449,1,SATELLITE_FALLBACK,SATELLITE_FALLBACK,True,1
66.5,tn-uav-satellite,1,6,-116.356,UNREACHABLE,62,UNREACHABLE,0,13.8162,9.29563,1,SATELLITE_FALLBACK,SATELLITE_FALLBACK,True,1
66.5,tn-uav-satellite,2,7,-113.944,UNREACHABLE,54,UNREACHABLE,0,13.9204,9.39976,1,SATELLITE_FALLBACK,SATELLITE_FALLBACK,True,1
66.5,tn-uav-satellite,0,5,-70.3722,HEALTHY,62,HEALTHY,0,15.4384,10.9178,1,TN_DIRECT,TN_DIRECT,True,1
68.5,tn-uav-satellite,0,5,-71.055,HEALTHY,64,HEALTHY,0,14.0861,9.56555,1,TN_DIRECT,TN_DIRECT,True,1
68.5,tn-uav-satellite,1,6,-121.036,UNREACHABLE,64,UNREACHABLE,0,10.5282,6.00759,1,SATELLITE_FALLBACK,SATELLITE_FALLBACK,True,1
68.5,tn-uav-satellite,2,7,-118.224,UNREACHABLE,56,UNREACHABLE,0,9.68596,5.16536,1,SATELLITE_FALLBACK,SATELLITE_FALLBACK,True,1
70.5,tn-uav-satellite,0,5,-73.8027,HEALTHY,66,HEALTHY,0,13.38,8.85943,1,TN_DIRECT,TN_DIRECT,True,1
70.5,tn-uav-satellite,1,6,-123.143,UNREACHABLE,66,UNREACHABLE,0,15.5373,11.0167,1,SATELLITE_FALLBACK,SATELLITE_FALLBACK,True,1
70.5,tn-uav-satellite,2,7,-119.981,UNREACHABLE,58,UNREACHABLE,0,11.2934,6.7728,1,SATELLITE_FALLBACK,SATELLITE_FALLBACK,True,1
72.5,tn-uav-satellite,2,7,-124.384,UNREACHABLE,60,UNREACHABLE,0,8.10548,3.58488,1,SATELLITE_FALLBACK,SATELLITE_FALLBACK,True,1
72.5,tn-uav-satellite,0,5,-68.685,HEALTHY,68,HEALTHY,0,9.77508,5.25448,1,TN_DIRECT,TN_DIRECT,True,1
72.5,tn-uav-satellite,1,6,-123.1,UNREACHABLE,68,UNREACHABLE,0,14.1403,9.61966,1,SATELLITE_FALLBACK,SATELLITE_FALLBACK,True,1
74.5,tn-uav-satellite,1,6,-117.642,UNREACHABLE,70,UNREACHABLE,0,14.9176,10.397,1,SATELLITE_FALLBACK,SATELLITE_FALLBACK,True,1
74.5,tn-uav-satellite,2,7,-114.058,UNREACHABLE,62,UNREACHABLE,0,13.0503,8.5297,1,SATELLITE_FALLBACK,SATELLITE_FALLBACK,True,1
74.5,tn-uav-satellite,0,5,-67.631,HEALTHY,70,HEALTHY,0,10.1134,5.5928,1,TN_DIRECT,TN_DIRECT,True,1
76.5,tn-uav-satellite,0,5,-71.809,HEALTHY,72,HEALTHY,0,13.8486,9.32802,1,TN_DIRECT,TN_DIRECT,True,1
76.5,tn-uav-satellite,1,6,-120.654,UNREACHABLE,72,UNREACHABLE,0,12.0916,7.57095,1,SATELLITE_FALLBACK,SATELLITE_FALLBACK,True,1
76.5,tn-uav-satellite,2,7,-117.98,UNREACHABLE,64,UNREACHABLE,0,12.4866,7.96597,1,SATELLITE_FALLBACK,SATELLITE_FALLBACK,True,1
78.5,tn-uav-satellite,0,5,-67.755,HEALTHY,74,HEALTHY,0,12.3843,7.86365,1,TN_DIRECT,TN_DIRECT,True,1
78.5,tn-uav-satellite,1,6,-119.854,UNREACHABLE,74,UNREACHABLE,0,9.39953,4.87893,1,SATELLITE_FALLBACK,SATELLITE_FALLBACK,True,1
78.5,tn-uav-satellite,2,7,-117.7,UNREACHABLE,66,UNREACHABLE,0,11.6829,7.16231,1,SATELLITE_FALLBACK,SATELLITE_FALLBACK,True,1
80.5,tn-uav-satellite,2,7,-120.408,UNREACHABLE,68,UNREACHABLE,0,11.9983,7.47773,1,SATELLITE_FALLBACK,SATELLITE_FALLBACK,True,1
80.5,tn-uav-satellite,0,5,-72.5723,HEALTHY,76,HEALTHY,0,11.6,7.07936,1,TN_DIRECT,TN_DIRECT,True,1
80.5,tn-uav-satellite,1,6,-118.403,UNREACHABLE,76,UNREACHABLE,0,11.8237,7.3031,1,SATELLITE_FALLBACK,SATELLITE_FALLBACK,True,1
82.5,tn-uav-satellite,2,7,-119.398,UNREACHABLE,70,UNREACHABLE,0,14.918,10.3974,1,SATELLITE_FALLBACK,SATELLITE_FALLBACK,True,1
82.5,tn-uav-satellite,1,6,-120.705,UNREACHABLE,78,UNREACHABLE,0,13.3562,8.83557,1,SATELLITE_FALLBACK,SATELLITE_FALLBACK,True,1
82.5,tn-uav-satellite,0,5,-66.0834,HEALTHY,78,HEALTHY,0,14.2657,9.74514,1,TN_DIRECT,TN_DIRECT,True,1
84.5,tn-uav-satellite,0,5,-72.7836,HEALTHY,80,HEALTHY,0,12.7694,8.24885,1,TN_DIRECT,TN_DIRECT,True,1
84.5,tn-uav-satellite,1,6,-123.288,UNREACHABLE,80,UNREACHABLE,0,14.865,10.3444,1,SATELLITE_FALLBACK,SATELLITE_FALLBACK,True,1
84.5,tn-uav-satellite,2,7,-122.623,UNREACHABLE,72,UNREACHABLE,0,12.5302,8.00963,1,SATELLITE_FALLBACK,SATELLITE_FALLBACK,True,1
86.5,tn-uav-satellite,2,7,-119.429,UNREACHABLE,74,UNREACHABLE,0,12.5856,8.06496,1,SATELLITE_FALLBACK,SATELLITE_FALLBACK,True,1
86.5,tn-uav-satellite,0,5,-77.2048,HEALTHY,82,HEALTHY,0,13.1347,8.61407,1,TN_DIRECT,TN_DIRECT,True,1
86.5,tn-uav-satellite,1,6,-126.958,UNREACHABLE,82,UNREACHABLE,0,10.5693,6.04868,1,SATELLITE_FALLBACK,SATELLITE_FALLBACK,True,1
88.5,tn-uav-satellite,1,6,-122.099,UNREACHABLE,84,UNREACHABLE,0,13.991,9.47041,1,SATELLITE_FALLBACK,SATELLITE_FALLBACK,True,1
88.5,tn-uav-satellite,2,7,-122.462,UNREACHABLE,76,UNREACHABLE,0,14.8077,10.2871,1,SATELLITE_FALLBACK,SATELLITE_FALLBACK,True,1
88.5,tn-uav-satellite,0,5,-71.4492,HEALTHY,84,HEALTHY,0,12.3055,7.78489,1,TN_DIRECT,TN_DIRECT,True,1
90.5,tn-uav-satellite,2,7,-123.828,UNREACHABLE,78,UNREACHABLE,0,11.9394,7.41881,1,SATELLITE_FALLBACK,SATELLITE_FALLBACK,True,1
90.5,tn-uav-satellite,0,5,-67.6661,HEALTHY,86,HEALTHY,0,12.1677,7.64709,1,TN_DIRECT,TN_DIRECT,True,1
90.5,tn-uav-satellite,1,6,-119.172,UNREACHABLE,86,UNREACHABLE,0,11.1622,6.64155,1,SATELLITE_FALLBACK,SATELLITE_FALLBACK,True,1
92.5,tn-uav-satellite,0,5,-70.7268,HEALTHY,88,HEALTHY,0,11.7655,7.24486,1,TN_DIRECT,TN_DIRECT,True,1
92.5,tn-uav-satellite,1,6,-124.737,UNREACHABLE,88,UNREACHABLE,0,15.0103,10.4897,1,SATELLITE_FALLBACK,SATELLITE_FALLBACK,True,1
92.5,tn-uav-satellite,2,7,-125.37,UNREACHABLE,80,UNREACHABLE,0,8.83062,4.31002,1,SATELLITE_FALLBACK,SATELLITE_FALLBACK,True,1
94.5,tn-uav-satellite,0,5,-66.0312,HEALTHY,90,HEALTHY,0,11.0525,6.53188,1,TN_DIRECT,TN_DIRECT,True,1
94.5,tn-uav-satellite,1,6,-120.104,UNREACHABLE,90,UNREACHABLE,0,11.3489,6.82835,1,SATELLITE_FALLBACK,SATELLITE_FALLBACK,True,1
94.5,tn-uav-satellite,2,7,-127.278,UNREACHABLE,82,UNREACHABLE,0,12.4118,7.89125,1,SATELLITE_FALLBACK,SATELLITE_FALLBACK,True,1
96.5,tn-uav-satellite,1,6,-122.978,UNREACHABLE,92,UNREACHABLE,0,13.2034,8.6828,1,SATELLITE_FALLBACK,SATELLITE_FALLBACK,True,1
96.5,tn-uav-satellite,2,7,-124.366,UNREACHABLE,84,UNREACHABLE,0,11.7506,7.22997,1,SATELLITE_FALLBACK,SATELLITE_FALLBACK,True,1
96.5,tn-uav-satellite,0,5,-69.3844,HEALTHY,92,HEALTHY,0,11.0545,6.53395,1,TN_DIRECT,TN_DIRECT,True,1
98.5,tn-uav-satellite,0,5,-64.6151,HEALTHY,94,HEALTHY,0,12.8865,8.36594,1,TN_DIRECT,TN_DIRECT,True,1
98.5,tn-uav-satellite,1,6,-123.924,UNREACHABLE,94,UNREACHABLE,0,14.3143,9.79373,1,SATELLITE_FALLBACK,SATELLITE_FALLBACK,True,1
98.5,tn-uav-satellite,2,7,-121.213,UNREACHABLE,86,UNREACHABLE,0,10.2117,5.6911,1,SATELLITE_FALLBACK,SATELLITE_FALLBACK,True,1
100.5,tn-uav-satellite,0,5,-74.252,HEALTHY,96,HEALTHY,0,13.6313,9.11069,1,TN_DIRECT,TN_DIRECT,True,1
100.5,tn-uav-satellite,1,6,-129.579,UNREACHABLE,96,UNREACHABLE,0,13.9384,9.41781,1,SATELLITE_FALLBACK,SATELLITE_FALLBACK,True,1
100.5,tn-uav-satellite,2,7,-124.161,UNREACHABLE,88,UNREACHABLE,0,9.95528,5.43468,1,SATELLITE_FALLBACK,SATELLITE_FALLBACK,True,1
102.5,tn-uav-satellite,0,5,-71.908,HEALTHY,98,HEALTHY,0,14.8503,10.3297,1,TN_DIRECT,TN_DIRECT,True,1
102.5,tn-uav-satellite,1,6,-126.269,UNREACHABLE,98,UNREACHABLE,0,14.212,9.69141,1,SATELLITE_FALLBACK,SATELLITE_FALLBACK,True,1
102.5,tn-uav-satellite,2,7,-126.995,UNREACHABLE,90,UNREACHABLE,0,11.9712,7.45064,1,SATELLITE_FALLBACK,SATELLITE_FALLBACK,True,1
104.5,tn-uav-satellite,2,7,-124.263,UNREACHABLE,92,UNREACHABLE,0,12.6132,8.09258,1,SATELLITE_FALLBACK,SATELLITE_FALLBACK,True,1
104.5,tn-uav-satellite,0,5,-76.6822,HEALTHY,100,HEALTHY,0,11.8179,7.29728,1,TN_DIRECT,TN_DIRECT,True,1
104.5,tn-uav-satellite,1,6,-121.895,UNREACHABLE,100,UNREACHABLE,0,13.268,8.74742,1,SATELLITE_FALLBACK,SATELLITE_FALLBACK,True,1
106.5,tn-uav-satellite,0,5,-69.4631,HEALTHY,102,HEALTHY,0,12.773,8.25239,1,TN_DIRECT,TN_DIRECT,True,1
106.5,tn-uav-satellite,1,6,-123.523,UNREACHABLE,102,UNREACHABLE,0,15.6982,11.1776,1,SATELLITE_FALLBACK,SATELLITE_FALLBACK,True,1
106.5,tn-uav-satellite,2,7,-125.121,UNREACHABLE,94,UNREACHABLE,0,8.80604,4.28544,1,SATELLITE_FALLBACK,SATELLITE_FALLBACK,True,1
108.5,tn-uav-satellite,0,5,-73.9918,HEALTHY,104,HEALTHY,0,12.0472,7.52657,1,TN_DIRECT,TN_DIRECT,True,1
108.5,tn-uav-satellite,1,6,-124.145,UNREACHABLE,104,UNREACHABLE,0,13.0418,8.52118,1,SATELLITE_FALLBACK,SATELLITE_FALLBACK,True,1
108.5,tn-uav-satellite,2,7,-121.92,UNREACHABLE,96,UNREACHABLE,0,10.9936,6.473,1,SATELLITE_FALLBACK,SATELLITE_FALLBACK,True,1
110.5,tn-uav-satellite,0,5,-67.4767,HEALTHY,106,HEALTHY,0,10.2888,5.76824,1,TN_DIRECT,TN_DIRECT,True,1
110.5,tn-uav-satellite,1,6,-124.441,UNREACHABLE,106,UNREACHABLE,0,13.1656,8.64502,1,SATELLITE_FALLBACK,SATELLITE_FALLBACK,True,1
110.5,tn-uav-satellite,2,7,-124.868,UNREACHABLE,98,UNREACHABLE,0,13.0371,8.51648,1,SATELLITE_FALLBACK,SATELLITE_FALLBACK,True,1
112.5,tn-uav-satellite,0,5,-65.0458,HEALTHY,108,HEALTHY,0,11.2634,6.74283,1,TN_DIRECT,TN_DIRECT,True,1
112.5,tn-uav-satellite,1,6,-124.58,UNREACHABLE,108,UNREACHABLE,0,14.5387,10.0181,1,SATELLITE_FALLBACK,SATELLITE_FALLBACK,True,1
112.5,tn-uav-satellite,2,7,-126.284,UNREACHABLE,100,UNREACHABLE,0,10.762,6.24139,1,SATELLITE_FALLBACK,SATELLITE_FALLBACK,True,1
114.5,tn-uav-satellite,1,6,-124.441,UNREACHABLE,110,UNREACHABLE,0,15.0297,10.5091,1,SATELLITE_FALLBACK,SATELLITE_FALLBACK,True,1
114.5,tn-uav-satellite,0,5,-68.8679,HEALTHY,110,HEALTHY,0,9.80689,5.28629,1,TN_DIRECT,TN_DIRECT,True,1
114.5,tn-uav-satellite,2,7,-123.559,UNREACHABLE,102,UNREACHABLE,0,9.40077,4.88017,1,SATELLITE_FALLBACK,SATELLITE_FALLBACK,True,1
116.5,tn-uav-satellite,1,6,-126.165,UNREACHABLE,112,UNREACHABLE,0,12.6636,8.14299,1,SATELLITE_FALLBACK,SATELLITE_FALLBACK,True,1
116.5,tn-uav-satellite,0,5,-62.0577,HEALTHY,112,HEALTHY,0,15.1039,10.5833,1,TN_DIRECT,TN_DIRECT,True,1
116.5,tn-uav-satellite,2,7,-125.498,UNREACHABLE,104,UNREACHABLE,0,13.1707,8.65014,1,SATELLITE_FALLBACK,SATELLITE_FALLBACK,True,1
118.5,tn-uav-satellite,1,6,-124.688,UNREACHABLE,114,UNREACHABLE,0,13.7288,9.20819,1,SATELLITE_FALLBACK,SATELLITE_FALLBACK,True,1
118.5,tn-uav-satellite,0,5,-59.0229,HEALTHY,114,HEALTHY,0,9.28438,4.76378,1,TN_DIRECT,TN_DIRECT,True,1
118.5,tn-uav-satellite,2,7,-125.071,UNREACHABLE,106,UNREACHABLE,0,10.7455,6.22486,1,SATELLITE_FALLBACK,SATELLITE_FALLBACK,True,1
