t_dec,ueId,cell,HO_next,ueSinrDb,eveSinrDb,secrecy,outage,ueSinrDb_prev,secrecy_prev,outage_prev,d_ueSinrDb,d_secrecy
4.0,0,3,0,36.2369,2.57695,10.5474,0,43.1333,6.80066,0.0,-6.8964,3.74674
6.0,0,3,0,42.4333,16.7524,8.50093,0,36.2369,10.5474,0.0,6.196400000000004,-2.0464699999999993
8.0,0,3,0,41.2675,26.8141,4.79842,0,42.4333,8.50093,0.0,-1.1658000000000044,-3.70251
10.0,0,3,0,42.4084,11.3857,10.2044,0,41.2675,4.79842,0.0,1.140900000000002,5.40598
12.0,0,3,0,34.8424,18.7126,5.33938,0,42.4084,10.2044,0.0,-7.5660000000000025,-4.8650199999999995
14.0,0,3,0,36.9196,10.6983,8.59293,0,34.8424,5.33938,0.0,2.077200000000005,3.2535500000000006
16.0,0,3,0,36.1518,18.3486,5.8935,0,36.9196,8.59293,0.0,-0.7678000000000011,-2.6994300000000004
18.0,0,3,0,25.0623,15.4906,3.14394,0,36.1518,5.8935,0.0,-11.089500000000001,-2.7495600000000002
20.0,0,3,0,31.552,14.0326,5.7649,0,25.0623,3.14394,0.0,6.489699999999999,2.6209599999999997
22.0,0,3,0,14.9819,-4.54146,4.58749,0,31.552,5.7649,0.0,-16.5701,-1.17741
24.0,0,3,0,23.5425,16.2739,2.38731,0,14.9819,4.58749,0.0,8.5606,-2.20018
26.0,0,3,0,25.1037,23.5317,0.52028,0,23.5425,2.38731,0.0,1.5611999999999995,-1.8670299999999997
28.0,0,3,0,21.1245,12.8537,2.68569,0,25.1037,0.52028,0.0,-3.9791999999999987,2.16541
30.0,0,3,0,16.5573,18.2506,0.0,1,21.1245,2.68569,0.0,-4.5672,-2.68569
32.0,0,3,0,21.217,13.0128,2.66589,0,16.5573,0.0,1.0,4.659699999999997,2.66589
34.0,0,3,0,3.37373,14.4039,0.0,1,21.217,2.66589,0.0,-17.843269999999997,-2.66589
36.0,0,3,0,7.78113,6.48396,0.360891,0,3.37373,0.0,1.0,4.4074,0.360891
4.0,1,9,1,-9.47478,-100.0,0.154266,0,-4.16054,0.468489,0.0,-5.314240000000001,-0.31422300000000003
6.0,1,3,0,12.4906,16.7524,0.0,1,-9.47478,0.154266,0.0,21.965380000000003,-0.154266
8.0,1,3,0,21.818,26.8141,0.0,1,12.4906,0.0,1.0,9.3274,0.0
10.0,1,3,0,10.6269,11.3857,0.0,1,21.818,0.0,1.0,-11.191100000000002,0.0
12.0,1,3,0,-0.0614787,18.7126,0.0,1,10.6269,0.0,1.0,-10.6883787,0.0
14.0,1,3,0,0.891462,10.6983,0.0,1,-0.0614787,0.0,1.0,0.9529407,0.0
16.0,1,3,0,2.57711,18.3486,0.0,1,0.891462,0.0,1.0,1.6856479999999998,0.0
18.0,1,3,0,6.31335,15.4906,0.0,1,2.57711,0.0,1.0,3.73624,0.0
20.0,1,3,0,17.2454,14.0326,1.03832,0,6.31335,0.0,1.0,10.93205,1.03832
22.0,1,3,0,-6.96462,-4.54146,0.0,1,17.2454,1.03832,0.0,-24.21002,-1.03832
24.0,1,3,0,8.78411,16.2739,0.0,1,-6.96462,0.0,1.0,15.74873,0.0
26.0,1,3,0,-5.74078,23.5317,0.0,1,8.78411,0.0,1.0,-14.52489,0.0
28.0,1,3,0,9.0458,12.8537,0.0,1,-5.74078,0.0,1.0,14.78658,0.0
30.0,1,3,0,1.14838,18.2506,0.0,1,9.0458,0.0,1.0,-7.89742,0.0
32.0,1,3,0,1.1922,13.0128,0.0,1,1.14838,0.0,1.0,0.04381999999999997,0.0
34.0,1,3,0,10.334,14.4039,0.0,1,1.1922,0.0,1.0,9.1418,0.0
36.0,1,3,0,-1.76808,6.48396,0.0,1,10.334,0.0,1.0,-12.102079999999999,0.0
4.0,2,6,0,7.62408,-100.0,2.76264,0,10.6266,3.64984,0.0,-3.0025199999999996,-0.8872
6.0,2,6,0,12.4058,-100.0,4.20172,0,7.62408,2.76264,0.0,4.781719999999999,1.4390799999999997
8.0,2,6,0,7.52966,-100.0,2.73594,0,12.4058,4.20172,0.0,-4.8761399999999995,-1.46578
10.0,2,6,0,10.1207,-100.0,3.49591,0,7.52966,2.73594,0.0,2.5910399999999996,0.75997
12.0,2,6,0,3.08274,-100.0,1.60105,0,10.1207,3.49591,0.0,-7.03796,-1.8948599999999998
14.0,2,6,0,-5.07413,-100.0,0.390531,0,3.08274,1.60105,0.0,-8.15687,-1.2105190000000001
16.0,2,6,0,17.8699,-100.0,5.95964,0,-5.07413,0.390531,0.0,22.94403,5.569109
18.0,2,6,0,-2.45559,-100.0,0.649037,0,17.8699,5.95964,0.0,-20.325490000000002,-5.310603
20.0,2,6,0,-3.84865,-100.0,0.497971,0,-2.45559,0.649037,0.0,-1.3930600000000002,-0.15106599999999998
22.0,2,6,0,-11.7292,-100.0,0.0937695,1,-3.84865,0.497971,0.0,-7.88055,-0.4042015
24.0,2,6,0,5.22325,-100.0,2.11406,0,-11.7292,0.0937695,1.0,16.95245,2.0202904999999998
26.0,2,6,0,-8.04426,-100.0,0.210242,0,5.22325,2.11406,0.0,-13.26751,-1.9038179999999998
28.0,2,6,0,1.37852,-100.0,1.24706,0,-8.04426,0.210242,0.0,9.42278,1.036818
30.0,2,6,0,-5.42747,-100.0,0.363546,0,1.37852,1.24706,0.0,-6.8059899999999995,-0.8835140000000001
32.0,2,6,0,5.55333,-100.0,2.19911,0,-5.42747,0.363546,0.0,10.980799999999999,1.8355640000000002
34.0,2,6,0,-3.58848,-100.0,0.523738,0,5.55333,2.19911,0.0,-9.14181,-1.675372
36.0,2,6,0,-7.29748,-100.0,0.246489,0,-3.58848,0.523738,0.0,-3.709,-0.277249
4.0,3,10,0,-5.71533,3.00387,0.0,1,10.7481,0.0,1.0,-16.463430000000002,0.0
6.0,3,10,0,-0.221201,17.3763,0.0,1,-5.71533,0.0,1.0,5.494129,0.0
8.0,3,10,0,-3.11125,22.725,0.0,1,-0.221201,0.0,1.0,-2.890049,0.0
10.0,3,10,0,-1.66943,24.7825,0.0,1,-3.11125,0.0,1.0,1.44182,0.0
12.0,3,10,0,-1.94057,20.0386,0.0,1,-1.66943,0.0,1.0,-0.27113999999999994,0.0
14.0,3,10,0,-11.2086,12.5387,0.0,1,-1.94057,0.0,1.0,-9.268030000000001,0.0
16.0,3,10,0,11.0543,26.6175,0.0,1,-11.2086,0.0,1.0,22.262900000000002,0.0
18.0,3,10,0,-1.33559,24.5072,0.0,1,11.0543,0.0,1.0,-12.38989,0.0
20.0,3,10,0,0.788463,7.32446,0.0,1,-1.33559,0.0,1.0,2.124053,0.0
22.0,3,10,0,3.38718,17.0213,0.0,1,0.788463,0.0,1.0,2.5987169999999997,0.0
24.0,3,10,0,-2.99814,15.7767,0.0,1,3.38718,0.0,1.0,-6.38532,0.0
26.0,3,10,0,1.71154,9.73908,0.0,1,-2.99814,0.0,1.0,4.70968,0.0
28.0,3,10,0,1.15725,6.48738,0.0,1,1.71154,0.0,1.0,-0.5542900000000002,0.0
30.0,3,10,0,1.29863,24.9857,0.0,1,1.15725,0.0,1.0,0.14138000000000006,0.0
32.0,3,10,1,-0.303868,9.60752,0.0,1,1.29863,0.0,1.0,-1.602498,0.0
34.0,3,5,0,2.55917,-100.0,1.4868,0,-0.303868,0.0,1.0,2.863038,1.4868
36.0,3,5,0,5.13518,-100.0,2.09162,0,2.55917,1.4868,0.0,2.57601,0.6048199999999999
4.0,4,9,0,-14.4328,-100.0,0.0510724,1,-20.0288,0.0142608,1.0,5.596,0.0368116
6.0,4,9,0,-13.982,-100.0,0.0565507,1,-14.4328,0.0510724,1.0,0.450800000000001,0.005478300000000005
8.0,4,9,1,-17.3358,-100.0,0.0264008,1,-13.982,0.0565507,1.0,-3.3537999999999997,-0.030149900000000004
10.0,4,8,0,-5.28101,-2.15412,0.0,1,-17.3358,0.0264008,1.0,12.054789999999999,-0.0264008
12.0,4,8,0,-3.06366,-2.68615,0.0,1,-5.28101,0.0,1.0,2.21735,0.0
14.0,4,8,1,1.4288,-5.41236,0.892084,0,-3.06366,0.0,1.0,4.49246,0.892084
16.0,4,1,0,2.65278,-100.0,1.50688,0,1.4288,0.892084,0.0,1.2239799999999998,0.614796
18.0,4,1,0,4.02767,-100.0,1.81883,0,2.65278,1.50688,0.0,1.3748899999999997,0.31194999999999995
20.0,4,1,0,-2.18835,-100.0,0.681834,0,4.02767,1.81883,0.0,-6.216019999999999,-1.136996
22.0,4,1,0,5.35748,-100.0,2.14847,0,-2.18835,0.681834,0.0,7.54583,1.466636
24.0,4,1,0,-2.78863,-100.0,0.609928,0,5.35748,2.14847,0.0,-8.14611,-1.538542
26.0,4,1,0,4.10557,-100.0,1.83742,0,-2.78863,0.609928,0.0,6.8942,1.227492
28.0,4,1,0,4.62984,-100.0,1.96492,0,4.10557,1.83742,0.0,0.5242699999999996,0.12749999999999995
30.0,4,1,0,-9.66782,-100.0,0.147891,0,4.62984,1.96492,0.0,-14.29766,-1.817029
32.0,4,1,0,-3.44159,-100.0,0.538768,0,-9.66782,0.147891,0.0,6.226230000000001,0.39087700000000003
34.0,4,1,0,0.0811048,-100.0,1.01353,0,-3.44159,0.538768,0.0,3.5226948,0.474762
36.0,4,1,0,-1.28023,-100.0,0.802974,0,0.0811048,1.01353,0.0,-1.3613348,-0.21055600000000008
4.0,5,9,0,4.35877,-100.0,1.89848,0,13.0127,4.39308,0.0,-8.65393,-2.4946
6.0,5,9,0,4.72856,-100.0,1.98939,0,4.35877,1.89848,0.0,0.36979000000000006,0.09091000000000005
8.0,5,9,0,9.90044,-100.0,3.4294,0,4.72856,1.98939,0.0,5.17188,1.4400099999999998
10.0,5,9,0,21.35,-100.0,7.10284,0,9.90044,3.4294,0.0,11.449560000000002,3.67344
12.0,5,9,0,-12.1352,-100.0,0.0856446,1,21.35,7.10284,0.0,-33.4852,-7.017195399999999
14.0,5,9,0,-13.4305,-100.0,0.0640391,1,-12.1352,0.0856446,1.0,-1.295300000000001,-0.0216055
16.0,5,9,0,4.65628,-100.0,1.97146,0,-13.4305,0.0640391,1.0,18.08678,1.9074209
18.0,5,9,0,3.7402,-100.0,1.75105,0,4.65628,1.97146,0.0,-0.9160799999999996,-0.22041
20.0,5,9,0,-8.00149,-100.0,0.212177,0,3.7402,1.75105,0.0,-11.74169,-1.538873
22.0,5,9,0,6.00663,-100.0,2.31822,0,-8.00149,0.212177,0.0,14.008120000000002,2.106043
24.0,5,9,0,-23.6221,-100.0,0.00625206,1,6.00663,2.31822,0.0,-29.62873,-2.31196794
26.0,5,9,0,15.88,-100.0,5.312,0,-23.6221,0.00625206,1.0,39.5021,5.305747940000001
28.0,5,9,0,-2.53676,-100.0,0.639327,0,15.88,5.312,0.0,-18.41676,-4.6726730000000005
30.0,5,9,0,23.6285,-100.0,7.85546,0,-2.53676,0.639327,0.0,26.16526,7.216133
32.0,5,9,0,1.97097,-100.0,1.3642,0,23.6285,7.85546,0.0,-21.657529999999998,-6.49126
34.0,5,9,0,0.509116,-100.0,1.08704,0,1.97097,1.3642,0.0,-1.4618540000000002,-0.2771600000000001
36.0,5,9,0,-15.1655,-100.0,0.043261,1,0.509116,1.08704,0.0,-15.674616,-1.043779
4.0,6,10,0,13.468,3.00387,2.95392,0,21.236,0.0,1.0,-7.768000000000001,2.95392
6.0,6,10,0,3.39863,17.3763,0.0,1,13.468,2.95392,0.0,-10.06937,-2.95392
8.0,6,10,0,23.6149,22.725,0.294191,0,3.39863,0.0,1.0,20.216269999999998,0.294191
10.0,6,10,0,7.39993,24.7825,0.0,1,23.6149,0.294191,0.0,-16.214969999999997,-0.294191
12.0,6,10,0,20.8517,20.0386,0.267692,0,7.39993,0.0,1.0,13.45177,0.267692
14.0,6,10,0,24.6287,12.5387,3.94293,0,20.8517,0.267692,0.0,3.7769999999999975,3.6752380000000002
16.0,6,10,0,12.9358,26.6175,0.0,1,24.6287,3.94293,0.0,-11.692899999999998,-3.94293
18.0,6,10,0,16.7369,24.5072,0.0,1,12.9358,0.0,1.0,3.801099999999998,0.0
20.0,6,10,0,-10.6884,7.32446,0.0,1,16.7369,0.0,1.0,-27.4253,0.0
22.0,6,10,0,12.3332,17.0213,0.0,1,-10.6884,0.0,1.0,23.0216,0.0
24.0,6,10,0,-6.68445,15.7767,0.0,1,12.3332,0.0,1.0,-19.01765,0.0
26.0,6,10,0,2.18323,9.73908,0.0,1,-6.68445,0.0,1.0,8.86768,0.0
28.0,6,10,0,1.56709,6.48738,0.0,1,2.18323,0.0,1.0,-0.6161399999999999,0.0
30.0,6,10,0,3.85261,24.9857,0.0,1,1.56709,0.0,1.0,2.28552,0.0
32.0,6,10,0,9.97246,9.60752,0.109713,0,3.85261,0.0,1.0,6.11985,0.109713
34.0,6,10,0,19.3534,13.8491,1.78685,0,9.97246,0.109713,0.0,9.38094,1.677137
36.0,6,10,0,6.73788,18.6311,0.0,1,19.3534,1.78685,0.0,-12.61552,-1.78685
4.0,7,10,0,-13.8425,3.00387,0.0,1,-17.3634,0.0,1.0,3.5208999999999993,0.0
6.0,7,10,0,-10.8351,17.3763,0.0,1,-13.8425,0.0,1.0,3.0073999999999987,0.0
8.0,7,10,0,-6.98809,22.725,0.0,1,-10.8351,0.0,1.0,3.847010000000001,0.0
10.0,7,10,0,-2.1741,24.7825,0.0,1,-6.98809,0.0,1.0,4.8139899999999995,0.0
12.0,7,10,0,-14.74,20.0386,0.0,1,-2.1741,0.0,1.0,-12.5659,0.0
14.0,7,10,0,-20.0814,12.5387,0.0,1,-14.74,0.0,1.0,-5.341399999999998,0.0
16.0,7,10,0,-12.1926,26.6175,0.0,1,-20.0814,0.0,1.0,7.888799999999998,0.0
18.0,7,10,0,-0.222081,24.5072,0.0,1,-12.1926,0.0,1.0,11.970519000000001,0.0
20.0,7,10,0,-7.95912,7.32446,0.0,1,-0.222081,0.0,1.0,-7.737039,0.0
22.0,7,10,0,-14.3238,17.0213,0.0,1,-7.95912,0.0,1.0,-6.36468,0.0
24.0,7,10,0,-7.89173,15.7767,0.0,1,-14.3238,0.0,1.0,6.43207,0.0
26.0,7,10,0,-3.812,9.73908,0.0,1,-7.89173,0.0,1.0,4.07973,0.0
28.0,7,10,0,-5.47627,6.48738,0.0,1,-3.812,0.0,1.0,-1.6642700000000006,0.0
30.0,7,10,0,-10.0204,24.9857,0.0,1,-5.47627,0.0,1.0,-4.54413,0.0
32.0,7,10,0,-2.74849,9.60752,0.0,1,-10.0204,0.0,1.0,7.27191,0.0
34.0,7,10,0,-9.65761,13.8491,0.0,1,-2.74849,0.0,1.0,-6.90912,0.0
36.0,7,10,0,-17.7948,18.6311,0.0,1,-9.65761,0.0,1.0,-8.137189999999999,0.0
4.0,8,3,0,24.1239,2.57695,6.52874,0,17.726,0.0,1.0,6.3979,6.52874
6.0,8,3,0,16.2659,16.7524,0.0,1,24.1239,6.52874,0.0,-7.8580000000000005,-6.52874
8.0,8,3,0,18.9487,26.8141,0.0,1,16.2659,0.0,1.0,2.6828000000000003,0.0
10.0,8,3,0,16.3999,11.3857,1.59713,0,18.9487,0.0,1.0,-2.5488,1.59713
12.0,8,3,0,8.73837,18.7126,0.0,1,16.3999,1.59713,0.0,-7.661529999999999,-1.59713
14.0,8,3,0,32.3901,10.6983,7.08879,0,8.73837,0.0,1.0,23.651729999999997,7.08879
16.0,8,3,0,29.0067,18.3486,3.52142,0,32.3901,7.08879,0.0,-3.383399999999998,-3.5673700000000004
18.0,8,3,0,21.6717,15.4906,2.02291,0,29.0067,3.52142,0.0,-7.334999999999997,-1.49851
20.0,8,3,0,16.0366,14.0326,0.645296,0,21.6717,2.02291,0.0,-5.635100000000001,-1.377614
22.0,8,3,0,22.5035,-4.54146,7.04907,0,16.0366,0.645296,0.0,6.466899999999999,6.403774
24.0,8,3,0,24.941,16.2739,2.85015,0,22.5035,7.04907,0.0,2.4375,-4.19892
26.0,8,3,0,29.7866,23.5317,2.07294,0,24.941,2.85015,0.0,4.845600000000001,-0.7772100000000002
28.0,8,3,0,7.84484,12.8537,0.0,1,29.7866,2.07294,0.0,-21.941760000000002,-2.07294
30.0,8,3,0,33.4376,18.2506,5.02425,0,7.84484,0.0,1.0,25.592760000000006,5.02425
32.0,8,3,0,32.7396,13.0128,6.48354,0,33.4376,5.02425,0.0,-0.6980000000000004,1.4592899999999993
34.0,8,3,0,35.4339,14.4039,6.93503,0,32.7396,6.48354,0.0,2.6942999999999984,0.4514900000000006
36.0,8,3,0,27.6851,6.48396,6.75288,0,35.4339,6.93503,0.0,-7.748800000000003,-0.18215000000000003
4.0,9,8,0,-5.07187,14.157,0.0,1,5.1918,2.03422,0.0,-10.26367,-2.03422
6.0,9,8,0,13.6546,0.591736,3.49523,0,-5.07187,0.0,1.0,18.72647,3.49523
8.0,9,8,0,-4.20294,2.32658,0.0,1,13.6546,3.49523,0.0,-17.85754,-3.49523
10.0,9,8,0,3.32914,-2.15412,0.970302,0,-4.20294,0.0,1.0,7.5320800000000006,0.970302
12.0,9,8,0,-7.017,-2.68615,0.0,1,3.32914,0.970302,0.0,-10.34614,-0.970302
14.0,9,8,0,-4.76876,-5.41236,0.0505751,1,-7.017,0.0,1.0,2.24824,0.0505751
16.0,9,8,0,-6.40404,8.21419,0.0,1,-4.76876,0.0505751,1.0,-1.6352799999999998,-0.0505751
18.0,9,8,0,-8.58045,2.07675,0.0,1,-6.40404,0.0,1.0,-2.1764100000000006,0.0
20.0,9,8,1,-1.69738,15.0795,0.0,1,-8.58045,0.0,1.0,6.883070000000001,0.0
22.0,9,9,0,8.88687,-100.0,3.12747,0,-1.69738,0.0,1.0,10.58425,3.12747
24.0,9,9,0,3.53794,-100.0,1.70415,0,8.88687,3.12747,0.0,-5.34893,-1.4233200000000001
26.0,9,9,0,12.2611,-100.0,4.15633,0,3.53794,1.70415,0.0,8.72316,2.4521799999999994
28.0,9,9,0,12.3675,-100.0,4.18969,0,12.2611,4.15633,0.0,0.10639999999999894,0.033360000000000056
30.0,9,9,0,25.1019,-100.0,8.34313,0,12.3675,4.18969,0.0,12.7344,4.153440000000001
32.0,9,9,0,-7.97637,-100.0,0.213321,0,25.1019,8.34313,0.0,-33.07827,-8.129809
34.0,9,9,0,21.7937,-100.0,7.24924,0,-7.97637,0.213321,0.0,29.77007,7.035919000000001
36.0,9,9,0,-0.447053,-100.0,0.927656,0,21.7937,7.24924,0.0,-22.240753,-6.3215840000000005
4.0,10,10,0,11.3583,3.00387,2.29146,0,4.68139,0.0,1.0,6.6769099999999995,2.29146
6.0,10,10,0,4.6585,17.3763,0.0,1,11.3583,2.29146,0.0,-6.6998,-2.29146
8.0,10,10,0,10.2762,22.725,0.0,1,4.6585,0.0,1.0,5.617699999999999,0.0
10.0,10,10,0,1.83704,24.7825,0.0,1,10.2762,0.0,1.0,-8.43916,0.0
12.0,10,10,0,2.30639,20.0386,0.0,1,1.83704,0.0,1.0,0.46934999999999993,0.0
14.0,10,10,0,2.01559,12.5387,0.0,1,2.30639,0.0,1.0,-0.29079999999999995,0.0
16.0,10,10,0,-5.91175,26.6175,0.0,1,2.01559,0.0,1.0,-7.927339999999999,0.0
18.0,10,10,0,12.5292,24.5072,0.0,1,-5.91175,0.0,1.0,18.44095,0.0
20.0,10,10,0,-6.21366,7.32446,0.0,1,12.5292,0.0,1.0,-18.74286,0.0
22.0,10,10,0,4.29321,17.0213,0.0,1,-6.21366,0.0,1.0,10.50687,0.0
24.0,10,10,0,-7.26856,15.7767,0.0,1,4.29321,0.0,1.0,-11.56177,0.0
26.0,10,10,0,-12.3717,9.73908,0.0,1,-7.26856,0.0,1.0,-5.103140000000001,0.0
28.0,10,10,0,0.242605,6.48738,0.0,1,-12.3717,0.0,1.0,12.614305,0.0
30.0,10,10,0,1.96154,24.9857,0.0,1,0.242605,0.0,1.0,1.718935,0.0
32.0,10,10,0,-5.81099,9.60752,0.0,1,1.96154,0.0,1.0,-7.772530000000001,0.0
34.0,10,10,0,-11.1224,13.8491,0.0,1,-5.81099,0.0,1.0,-5.31141,0.0
36.0,10,10,0,0.829746,18.6311,0.0,1,-11.1224,0.0,1.0,11.952146,0.0
4.0,11,9,0,8.84155,-100.0,3.11415,0,12.7424,4.3077,0.0,-3.90085,-1.1935499999999997
6.0,11,9,0,22.405,-100.0,7.45105,0,8.84155,3.11415,0.0,13.563450000000001,4.3369
8.0,11,9,0,8.20379,-100.0,2.92841,0,22.405,7.45105,0.0,-14.201210000000001,-4.522640000000001
10.0,11,9,0,1.59801,-100.0,1.2897,0,8.20379,2.92841,0.0,-6.605779999999999,-1.6387099999999999
12.0,11,9,0,-2.52176,-100.0,0.641112,0,1.59801,1.2897,0.0,-4.11977,-0.648588
14.0,11,9,0,11.333,-100.0,3.86715,0,-2.52176,0.641112,0.0,13.85476,3.226038
16.0,11,9,0,0.320224,-100.0,1.05417,0,11.333,3.86715,0.0,-11.012776,-2.81298
18.0,11,9,0,17.1074,-100.0,5.71077,0,0.320224,1.05417,0.0,16.787176,4.6566
20.0,11,9,0,17.3738,-100.0,5.79763,0,17.1074,5.71077,0.0,0.26640000000000086,0.08685999999999972
22.0,11,9,0,-2.29447,-100.0,0.668659,0,17.3738,5.79763,0.0,-19.66827,-5.128971
24.0,11,9,0,13.4451,-100.0,4.53021,0,-2.29447,0.668659,0.0,15.73957,3.8615510000000004
26.0,11,9,0,12.2073,-100.0,4.13945,0,13.4451,4.53021,0.0,-1.2378,-0.3907600000000002
28.0,11,9,0,19.6047,-100.0,6.52825,0,12.2073,4.13945,0.0,7.397400000000001,2.3888
30.0,11,9,0,6.77855,-100.0,2.52675,0,19.6047,6.52825,0.0,-12.826150000000002,-4.0015
32.0,11,9,0,13.468,-100.0,4.53748,0,6.77855,2.52675,0.0,6.68945,2.0107300000000006
34.0,11,9,0,22.2435,-100.0,7.39771,0,13.468,4.53748,0.0,8.775500000000001,2.8602299999999996
36.0,11,9,0,-1.81403,-100.0,0.729934,0,22.2435,7.39771,0.0,-24.05753,-6.667776
4.0,12,10,0,6.59657,3.00387,0.893431,0,0.399808,0.0,1.0,6.196762,0.893431
6.0,12,10,0,-1.00279,17.3763,0.0,1,6.59657,0.893431,0.0,-7.59936,-0.893431
8.0,12,10,0,4.67814,22.725,0.0,1,-1.00279,0.0,1.0,5.68093,0.0
10.0,12,10,0,2.4382,24.7825,0.0,1,4.67814,0.0,1.0,-2.23994,0.0
12.0,12,10,0,17.4118,20.0386,0.0,1,2.4382,0.0,1.0,14.9736,0.0
14.0,12,10,0,-2.47635,12.5387,0.0,1,17.4118,0.0,1.0,-19.88815,0.0
16.0,12,10,0,1.39268,26.6175,0.0,1,-2.47635,0.0,1.0,3.86903,0.0
18.0,12,10,0,10.8465,24.5072,0.0,1,1.39268,0.0,1.0,9.45382,0.0
20.0,12,10,0,-1.96667,7.32446,0.0,1,10.8465,0.0,1.0,-12.813170000000001,0.0
22.0,12,10,0,1.00618,17.0213,0.0,1,-1.96667,0.0,1.0,2.97285,0.0
24.0,12,10,0,6.40047,15.7767,0.0,1,1.00618,0.0,1.0,5.39429,0.0
26.0,12,10,0,3.4497,9.73908,0.0,1,6.40047,0.0,1.0,-2.9507700000000003,0.0
28.0,12,10,0,26.1849,6.48738,6.25461,0,3.4497,0.0,1.0,22.7352,6.25461
30.0,12,10,0,-6.31974,24.9857,0.0,1,26.1849,6.25461,0.0,-32.50464,-6.25461
32.0,12,10,0,7.716,9.60752,0.0,1,-6.31974,0.0,1.0,14.03574,0.0
34.0,12,10,0,8.57859,13.8491,0.0,1,7.716,0.0,1.0,0.86259,0.0
36.0,12,10,0,-7.94377,18.6311,0.0,1,8.57859,0.0,1.0,-16.52236,0.0
4.0,13,3,0,19.9297,2.57695,5.14447,0,11.3476,0.0,1.0,8.5821,5.14447
6.0,13,3,0,20.9422,16.7524,1.37322,0,19.9297,5.14447,0.0,1.0124999999999993,-3.77125
8.0,13,3,0,25.5784,26.8141,0.0,1,20.9422,1.37322,0.0,4.636199999999999,-1.37322
10.0,13,3,0,15.421,11.3857,1.2801,0,25.5784,0.0,1.0,-10.157399999999999,1.2801
12.0,13,3,0,15.1218,18.7126,0.0,1,15.421,1.2801,0.0,-0.299199999999999,-1.2801
14.0,13,3,0,20.8544,10.6983,3.26768,0,15.1218,0.0,1.0,5.732599999999998,3.26768
16.0,13,3,0,9.35879,18.3486,0.0,1,20.8544,3.26768,0.0,-11.495609999999997,-3.26768
18.0,13,3,0,7.312,15.4906,0.0,1,9.35879,0.0,1.0,-2.0467900000000006,0.0
20.0,13,3,0,17.6148,14.0326,1.15884,0,7.312,0.0,1.0,10.302799999999998,1.15884
22.0,13,3,0,0.630158,-4.54146,0.67396,0,17.6148,1.15884,0.0,-16.984641999999997,-0.4848800000000001
24.0,13,3,0,2.437,16.2739,0.0,1,0.630158,0.67396,0.0,1.8068419999999998,-0.67396
26.0,13,3,0,3.32805,23.5317,0.0,1,2.437,0.0,1.0,0.8910500000000003,0.0
28.0,13,3,0,14.4133,12.8537,0.496481,0,3.32805,0.0,1.0,11.085249999999998,0.496481
30.0,13,3,0,7.91753,18.2506,0.0,1,14.4133,0.496481,0.0,-6.495769999999999,-0.496481
32.0,13,3,0,20.0299,13.0128,2.27496,0,7.91753,0.0,1.0,12.112370000000002,2.27496
34.0,13,3,0,9.64733,14.4039,0.0,1,20.0299,2.27496,0.0,-10.382570000000001,-2.27496
36.0,13,3,0,11.8143,6.48396,1.57027,0,9.64733,0.0,1.0,2.166969999999999,1.57027
4.0,14,3,0,15.8889,2.57695,3.82427,0,22.0829,0.0,1.0,-6.193999999999999,3.82427
6.0,14,3,0,21.8902,16.7524,1.68589,0,15.8889,3.82427,0.0,6.0013000000000005,-2.1383799999999997
8.0,14,3,0,29.3447,26.8141,0.839322,0,21.8902,1.68589,0.0,7.4544999999999995,-0.8465680000000001
10.0,14,3,0,18.1861,11.3857,2.17958,0,29.3447,0.839322,0.0,-11.1586,1.340258
12.0,14,3,0,18.1661,18.7126,0.0,1,18.1861,2.17958,0.0,-0.019999999999999574,-2.17958
14.0,14,3,0,5.48992,10.6983,0.0,1,18.1661,0.0,1.0,-12.67618,0.0
16.0,14,3,0,36.0261,18.3486,5.85174,0,5.48992,0.0,1.0,30.53618,5.85174
18.0,14,3,0,20.3917,15.4906,1.60105,0,36.0261,5.85174,0.0,-15.6344,-4.2506900000000005
20.0,14,3,0,24.7454,14.0326,3.50765,0,20.3917,1.60105,0.0,4.3537,1.9065999999999999
22.0,14,3,0,19.8309,-4.54146,6.16811,0,24.7454,3.50765,0.0,-4.9145,2.6604600000000005
24.0,14,3,0,31.8606,16.2739,5.1451,0,19.8309,6.16811,0.0,12.029700000000002,-1.0230100000000002
26.0,14,3,0,36.1959,23.5317,4.2009,0,31.8606,5.1451,0.0,4.3353,-0.9442000000000004
28.0,14,3,0,31.0699,12.8537,5.97952,0,36.1959,4.2009,0.0,-5.126000000000001,1.77862
30.0,14,3,0,36.9327,18.2506,6.18493,0,31.0699,5.97952,0.0,5.8627999999999965,0.20540999999999965
32.0,14,3,0,42.0198,13.0128,9.56567,0,36.9327,6.18493,0.0,5.0870999999999995,3.380740000000001
34.0,14,3,0,43.599,14.4039,9.64706,0,42.0198,9.56567,0.0,1.5792000000000002,0.08138999999999896
36.0,14,3,0,43.5879,6.48396,12.0333,0,43.599,9.64706,0.0,-0.011099999999999,2.386240000000001
4.0,15,3,0,43.6341,2.57695,13.0044,0,36.4259,4.57276,0.0,7.208199999999998,8.431640000000002
6.0,15,3,0,42.029,16.7524,8.36663,0,43.6341,13.0044,0.0,-1.605099999999993,-4.63777
8.0,15,3,0,48.2507,26.8141,7.11812,0,42.029,8.36663,0.0,6.2216999999999985,-1.2485100000000005
10.0,15,3,0,39.1568,11.3857,9.12431,0,48.2507,7.11812,0.0,-9.093900000000005,2.0061899999999993
12.0,15,3,0,36.9375,18.7126,6.03521,0,39.1568,9.12431,0.0,-2.219299999999997,-3.0890999999999993
14.0,15,3,0,34.9169,10.6983,7.92781,0,36.9375,6.03521,0.0,-2.0206000000000017,1.8925999999999998
16.0,15,3,0,18.8272,18.3486,0.156808,0,34.9169,7.92781,0.0,-16.089699999999997,-7.771002
18.0,15,3,0,31.9918,15.4906,5.4423,0,18.8272,0.156808,0.0,13.1646,5.2854920000000005
20.0,15,3,0,39.7263,14.0326,8.47952,0,31.9918,5.4423,0.0,7.734500000000001,3.0372200000000005
22.0,15,3,0,37.65,-4.54146,12.0728,0,39.7263,8.47952,0.0,-2.0763000000000034,3.59328
24.0,15,3,0,38.7766,16.2739,7.44181,0,37.65,12.0728,0.0,1.1266000000000034,-4.630990000000001
26.0,15,3,0,43.2695,23.5317,6.55043,0,38.7766,7.44181,0.0,4.492899999999999,-0.8913799999999998
28.0,15,3,0,40.1872,12.8537,9.00723,0,43.2695,6.55043,0.0,-3.0823000000000036,2.4567999999999994
30.0,15,3,0,33.57,18.2506,5.06821,0,40.1872,9.00723,0.0,-6.617199999999997,-3.93902
32.0,15,3,0,33.6665,13.0128,6.7913,0,33.57,5.06821,0.0,0.09649999999999892,1.72309
34.0,15,3,0,36.5941,14.4039,7.32035,0,33.6665,6.7913,0.0,2.927599999999998,0.5290500000000007
36.0,15,3,0,30.6808,6.48396,7.7468,0,36.5941,7.32035,0.0,-5.913299999999996,0.42645
4.0,16,7,0,37.611,-100.0,12.4944,0,29.7342,9.87901,0.0,7.876799999999996,2.6153900000000014
6.0,16,7,0,38.3214,-100.0,12.7303,0,37.611,12.4944,0.0,0.7103999999999999,0.2358999999999991
8.0,16,7,0,38.9926,-100.0,12.9532,0,38.3214,12.7303,0.0,0.671200000000006,0.222900000000001
10.0,16,7,0,36.787,-100.0,12.2207,0,38.9926,12.9532,0.0,-2.205600000000004,-0.7324999999999999
12.0,16,7,0,22.6873,-100.0,7.54431,0,36.787,12.2207,0.0,-14.099699999999999,-4.6763900000000005
14.0,16,7,0,23.858,-100.0,7.93137,0,22.6873,7.54431,0.0,1.1707,0.38705999999999996
16.0,16,7,0,30.478,-100.0,10.1259,0,23.858,7.93137,0.0,6.620000000000001,2.1945299999999994
18.0,16,7,0,30.4493,-100.0,10.1164,0,30.478,10.1259,0.0,-0.028700000000000614,-0.009499999999999176
20.0,16,7,0,29.3315,-100.0,9.7454,0,30.4493,10.1164,0.0,-1.1178000000000026,-0.37100000000000044
22.0,16,7,0,17.4441,-100.0,5.82056,0,29.3315,9.7454,0.0,-11.8874,-3.9248399999999997
24.0,16,7,0,29.9725,-100.0,9.9581,0,17.4441,5.82056,0.0,12.528400000000001,4.1375399999999996
26.0,16,7,0,16.3772,-100.0,5.47324,0,29.9725,9.9581,0.0,-13.595300000000002,-4.48486
28.0,16,7,0,26.8143,-100.0,8.91053,0,16.3772,5.47324,0.0,10.437100000000001,3.43729
30.0,16,7,0,22.156,-100.0,7.36881,0,26.8143,8.91053,0.0,-4.6583000000000006,-1.5417199999999998
32.0,16,7,0,15.0127,-100.0,5.03189,0,22.156,7.36881,0.0,-7.143299999999998,-2.33692
34.0,16,7,0,22.2877,-100.0,7.4123,0,15.0127,5.03189,0.0,7.275,2.3804100000000004
36.0,16,7,0,-1.31028,-100.0,0.798721,0,22.2877,7.4123,0.0,-23.59798,-6.613579
4.0,17,4,0,-2.81836,-100.0,0.606531,0,8.01973,2.87545,0.0,-10.83809,-2.268919
6.0,17,4,0,-9.88998,-100.0,0.140865,0,-2.81836,0.606531,0.0,-7.071619999999999,-0.465666
8.0,17,4,0,-13.1995,-100.0,0.0674584,1,-9.88998,0.140865,0.0,-3.309520000000001,-0.07340659999999999
10.0,17,4,0,-12.1585,-100.0,0.0851989,1,-13.1995,0.0674584,1.0,1.0410000000000004,0.017740499999999992
12.0,17,4,0,-7.83068,-100.0,0.220071,0,-12.1585,0.0851989,1.0,4.32782,0.1348721
14.0,17,4,0,-10.915,-100.0,0.112369,0,-7.83068,0.220071,0.0,-3.084319999999999,-0.10770199999999999
16.0,17,4,0,-7.48054,-100.0,0.237107,0,-10.915,0.112369,0.0,3.4344599999999987,0.12473800000000002
18.0,17,4,0,8.79579,-100.0,3.10071,0,-7.48054,0.237107,0.0,16.27633,2.863603
20.0,17,4,0,8.64572,-100.0,3.05676,0,8.79579,3.10071,0.0,-0.15006999999999948,-0.04394999999999971
22.0,17,4,0,-11.8694,-100.0,0.090883,1,8.64572,3.05676,0.0,-20.515120000000003,-2.9658770000000003
24.0,17,4,0,-6.39615,-100.0,0.297825,0,-11.8694,0.090883,1.0,5.473250000000001,0.20694200000000001
26.0,17,4,0,-4.07247,-100.0,0.476661,0,-6.39615,0.297825,0.0,2.3236799999999995,0.178836
28.0,17,4,0,1.85571,-100.0,1.34091,0,-4.07247,0.476661,0.0,5.92818,0.864249
30.0,17,4,0,-9.56567,-100.0,0.151233,0,1.85571,1.34091,0.0,-11.421380000000001,-1.189677
32.0,17,4,0,1.1818,-100.0,1.20961,0,-9.56567,0.151233,0.0,10.74747,1.0583770000000001
34.0,17,4,0,1.20548,-100.0,1.21408,0,1.1818,1.20961,0.0,0.023680000000000145,0.004469999999999974
36.0,17,4,0,2.37888,-100.0,1.44857,0,1.20548,1.21408,0.0,1.1734,0.23448999999999987
4.0,18,10,0,19.8907,3.00387,5.03873,0,27.0514,1.02252,0.0,-7.160700000000002,4.01621
6.0,18,10,0,28.0965,17.3763,3.53728,0,19.8907,5.03873,0.0,8.2058,-1.5014500000000002
8.0,18,10,0,36.5188,22.725,4.57483,0,28.0965,3.53728,0.0,8.4223,1.0375500000000004
10.0,18,10,0,33.4575,24.7825,2.87763,0,36.5188,4.57483,0.0,-3.0612999999999957,-1.6972000000000005
12.0,18,10,0,37.767,20.0386,5.87526,0,33.4575,2.87763,0.0,4.3095,2.99763
14.0,18,10,0,31.8571,12.5387,6.34014,0,37.767,5.87526,0.0,-5.909900000000004,0.46487999999999996
16.0,18,10,0,33.7668,26.6175,2.37239,0,31.8571,6.34014,0.0,1.9097000000000044,-3.9677499999999997
18.0,18,10,0,20.3583,24.5072,0.0,1,33.7668,2.37239,0.0,-13.408500000000004,-2.37239
20.0,18,10,0,30.9691,7.32446,7.61063,0,20.3583,0.0,1.0,10.610800000000001,7.61063
22.0,18,10,0,38.1707,17.0213,6.99751,0,30.9691,7.61063,0.0,7.201599999999996,-0.6131199999999994
24.0,18,10,0,36.8413,15.7767,6.96017,0,38.1707,6.99751,0.0,-1.3293999999999997,-0.03734000000000037
26.0,18,10,0,38.6569,9.73908,9.46087,0,36.8413,6.96017,0.0,1.8156000000000034,2.5007
28.0,18,10,0,21.8409,6.48738,4.81751,0,38.6569,9.46087,0.0,-16.816,-4.6433599999999995
30.0,18,10,0,23.5281,24.9857,0.0,1,21.8409,4.81751,0.0,1.6871999999999971,-4.81751
32.0,18,10,0,34.1748,9.60752,8.01176,0,23.5281,0.0,1.0,10.6467,8.01176
34.0,18,10,0,35.3415,13.8491,7.08177,0,34.1748,8.01176,0.0,1.1667000000000058,-0.929990000000001
36.0,18,10,0,18.0338,18.6311,0.0,1,35.3415,7.08177,0.0,-17.307700000000004,-7.08177
4.0,19,4,0,11.6883,-100.0,3.97738,0,-24.2297,0.00543729,1.0,35.918,3.97194271
6.0,19,4,0,-22.075,-100.0,0.00891941,1,11.6883,3.97738,0.0,-33.7633,-3.9684605900000003
8.0,19,4,0,-22.4073,-100.0,0.00826426,1,-22.075,0.00891941,1.0,-0.33230000000000004,-0.0006551499999999984
10.0,19,4,0,-20.7357,-100.0,0.0121277,1,-22.4073,0.00826426,1.0,1.671599999999998,0.0038634399999999992
12.0,19,4,0,-12.6913,-100.0,0.0756152,1,-20.7357,0.0121277,1.0,8.044400000000001,0.06348749999999999
14.0,19,4,0,-4.50374,-100.0,0.437769,0,-12.6913,0.0756152,1.0,8.187560000000001,0.3621538
16.0,19,4,1,2.9936,-100.0,1.58127,0,-4.50374,0.437769,0.0,7.4973399999999994,1.1435009999999999
18.0,19,1,0,-4.60639,-100.0,0.428922,0,2.9936,1.58127,0.0,-7.59999,-1.152348
20.0,19,1,0,9.50211,-100.0,3.30988,0,-4.60639,0.428922,0.0,14.1085,2.880958
22.0,19,1,0,21.6787,-100.0,7.21128,0,9.50211,3.30988,0.0,12.17659,3.9014
24.0,19,1,0,20.0271,-100.0,6.66713,0,21.6787,7.21128,0.0,-1.6515999999999984,-0.5441500000000001
26.0,19,1,0,-3.78187,-100.0,0.504482,0,20.0271,6.66713,0.0,-23.808970000000002,-6.162648
28.0,19,1,0,25.7324,-100.0,8.55197,0,-3.78187,0.504482,0.0,29.51427,8.047488000000001
30.0,19,1,0,5.22157,-100.0,2.11363,0,25.7324,8.55197,0.0,-20.51083,-6.43834
32.0,19,1,0,15.0171,-100.0,5.03331,0,5.22157,2.11363,0.0,9.79553,2.91968
34.0,19,1,0,13.6864,-100.0,4.60699,0,15.0171,5.03331,0.0,-1.3306999999999984,-0.4263200000000005
36.0,19,1,0,17.7173,-100.0,5.90977,0,13.6864,4.60699,0.0,4.030900000000001,1.3027800000000003
4.0,20,9,0,38.0403,-100.0,12.6369,0,26.203,8.7079,0.0,11.837300000000003,3.9290000000000003
6.0,20,9,0,39.0471,-100.0,12.9714,0,38.0403,12.6369,0.0,1.0067999999999984,0.33449999999999847
8.0,20,9,0,36.0759,-100.0,11.9845,0,39.0471,12.9714,0.0,-2.971200000000003,-0.9868999999999986
10.0,20,9,0,30.4936,-100.0,10.131,0,36.0759,11.9845,0.0,-5.5822999999999965,-1.8535000000000004
12.0,20,9,0,25.7749,-100.0,8.56604,0,30.4936,10.131,0.0,-4.718700000000002,-1.564960000000001
14.0,20,9,0,26.8191,-100.0,8.91211,0,25.7749,8.56604,0.0,1.0442,0.346070000000001
16.0,20,9,0,30.1723,-100.0,10.0244,0,26.8191,8.91211,0.0,3.353200000000001,1.1122899999999998
18.0,20,9,0,18.8145,-100.0,6.26889,0,30.1723,10.0244,0.0,-11.357800000000001,-3.75551
20.0,20,9,0,23.5118,-100.0,7.81688,0,18.8145,6.26889,0.0,4.697300000000002,1.5479900000000004
22.0,20,9,0,24.914,-100.0,8.2809,0,23.5118,7.81688,0.0,1.4022000000000006,0.46402000000000054
24.0,20,9,0,15.9133,-100.0,5.32277,0,24.914,8.2809,0.0,-9.000700000000002,-2.9581300000000006
26.0,20,9,0,-0.34033,-100.0,0.94458,0,15.9133,5.32277,0.0,-16.25363,-4.37819
28.0,20,9,0,8.04001,-100.0,2.88127,0,-0.34033,0.94458,0.0,8.38034,1.9366900000000002
30.0,20,9,0,18.8793,-100.0,6.29013,0,8.04001,2.88127,0.0,10.83929,3.4088600000000002
32.0,20,9,0,-1.22295,-100.0,0.811125,0,18.8793,6.29013,0.0,-20.10225,-5.479005000000001
34.0,20,9,0,18.4443,-100.0,6.14757,0,-1.22295,0.811125,0.0,19.66725,5.336445
36.0,20,9,0,8.37629,-100.0,2.97831,0,18.4443,6.14757,0.0,-10.06801,-3.16926
4.0,21,3,0,32.8398,2.57695,9.41929,0,22.0008,0.0,1.0,10.838999999999995,9.41929
6.0,21,3,0,27.9009,16.7524,3.67563,0,32.8398,9.41929,0.0,-4.938899999999997,-5.74366
8.0,21,3,0,30.022,26.8141,1.06411,0,27.9009,3.67563,0.0,2.1210999999999984,-2.61152
10.0,21,3,0,32.0173,11.3857,6.75336,0,30.022,1.06411,0.0,1.9953000000000003,5.6892499999999995
12.0,21,3,0,15.7498,18.7126,0.0,1,32.0173,6.75336,0.0,-16.2675,-6.75336
14.0,21,3,0,26.4985,10.6983,5.13406,0,15.7498,0.0,1.0,10.7487,5.13406
16.0,21,3,0,31.6128,18.3486,4.38631,0,26.4985,5.13406,0.0,5.1143,-0.7477499999999999
18.0,21,3,0,24.3899,15.4906,2.92134,0,31.6128,4.38631,0.0,-7.222899999999999,-1.46497
20.0,21,3,0,23.9261,14.0326,3.23647,0,24.3899,2.92134,0.0,-0.4637999999999991,0.31513000000000035
22.0,21,3,0,27.5052,-4.54146,8.7051,0,23.9261,3.23647,0.0,3.579099999999997,5.468629999999999
24.0,21,3,0,19.1159,16.2739,0.92804,0,27.5052,8.7051,0.0,-8.389299999999999,-7.77706
26.0,21,3,0,17.8905,23.5317,0.0,1,19.1159,0.92804,0.0,-1.2254000000000005,-0.92804
28.0,21,3,0,16.6457,12.8537,1.21767,0,17.8905,0.0,1.0,-1.244799999999998,1.21767
30.0,21,3,0,27.9201,18.2506,3.19303,0,16.6457,1.21767,0.0,11.2744,1.9753599999999998
32.0,21,3,0,20.908,13.0128,2.56405,0,27.9201,3.19303,0.0,-7.0121,-0.6289799999999999
34.0,21,3,0,10.0105,14.4039,0.0,1,20.908,2.56405,0.0,-10.8975,-2.56405
36.0,21,3,0,-1.72288,6.48396,0.0,1,10.0105,0.0,1.0,-11.73338,0.0
4.0,22,10,0,-5.95988,3.00387,0.0,1,33.5655,3.18424,0.0,-39.52538,-3.18424
6.0,22,10,0,17.8272,17.3763,0.147233,0,-5.95988,0.0,1.0,23.787080000000003,0.147233
8.0,22,10,0,22.9863,22.725,0.0863594,1,17.8272,0.147233,0.0,5.159099999999999,-0.0608736
10.0,22,10,0,28.3519,24.7825,1.18304,0,22.9863,0.0863594,1.0,5.365600000000001,1.0966806
12.0,22,10,0,33.6809,20.0386,4.51825,0,28.3519,1.18304,0.0,5.329000000000001,3.33521
14.0,22,10,0,30.394,12.5387,5.85447,0,33.6809,4.51825,0.0,-3.286900000000003,1.33622
16.0,22,10,0,23.9935,26.6175,0.0,1,30.394,5.85447,0.0,-6.400499999999997,-5.85447
18.0,22,10,0,3.29842,24.5072,0.0,1,23.9935,0.0,1.0,-20.69508,0.0
20.0,22,10,0,21.9217,7.32446,4.61325,0,3.29842,0.0,1.0,18.62328,4.61325
22.0,22,10,0,23.8373,17.0213,2.24179,0,21.9217,4.61325,0.0,1.9155999999999977,-2.37146
24.0,22,10,0,19.2581,15.7767,1.13585,0,23.8373,2.24179,0.0,-4.5792,-1.10594
26.0,22,10,0,16.6931,9.73908,2.19503,0,19.2581,1.13585,0.0,-2.5649999999999977,1.05918
28.0,22,10,0,9.44383,6.48738,0.845202,0,16.6931,2.19503,0.0,-7.249270000000001,-1.349828
30.0,22,10,0,9.05577,24.9857,0.0,1,9.44383,0.845202,0.0,-0.3880599999999994,-0.845202
32.0,22,10,0,15.3356,9.60752,1.7946,0,9.05577,0.0,1.0,6.279829999999999,1.7946
34.0,22,10,0,26.335,13.8491,4.09282,0,15.3356,1.7946,0.0,10.999400000000001,2.2982199999999997
36.0,22,10,0,28.1093,18.6311,3.13118,0,26.335,4.09282,0.0,1.7743000000000002,-0.9616399999999996
4.0,23,7,0,22.2174,-100.0,7.3891,0,-2.6555,0.625329,0.0,24.8729,6.763771
6.0,23,7,0,18.1778,-100.0,6.06032,0,22.2174,7.3891,0.0,-4.0396,-1.32878
8.0,23,7,0,11.229,-100.0,3.83502,0,18.1778,6.06032,0.0,-6.948800000000002,-2.2253
10.0,23,7,0,16.1264,-100.0,5.39185,0,11.229,3.83502,0.0,4.897400000000001,1.5568299999999997
12.0,23,7,0,24.8603,-100.0,8.26313,0,16.1264,5.39185,0.0,8.733899999999998,2.8712800000000005
14.0,23,7,0,8.03994,-100.0,2.88125,0,24.8603,8.26313,0.0,-16.82036,-5.381880000000001
16.0,23,7,0,15.2588,-100.0,5.11122,0,8.03994,2.88125,0.0,7.218860000000001,2.2299700000000002
18.0,23,7,0,2.33294,-100.0,1.43892,0,15.2588,5.11122,0.0,-12.92586,-3.6723000000000003
20.0,23,7,0,17.3613,-100.0,5.79356,0,2.33294,1.43892,0.0,15.02836,4.35464
22.0,23,7,0,17.2116,-100.0,5.74473,0,17.3613,5.79356,0.0,-0.14969999999999928,-0.048830000000000595
24.0,23,7,0,19.2907,-100.0,6.42513,0,17.2116,5.74473,0.0,2.0791000000000004,0.6804000000000006
26.0,23,7,0,11.5209,-100.0,3.92538,0,19.2907,6.42513,0.0,-7.769800000000002,-2.49975
28.0,23,7,0,5.75436,-100.0,2.25161,0,11.5209,3.92538,0.0,-5.766539999999999,-1.6737700000000002
30.0,23,7,0,19.1648,-100.0,6.38378,0,5.75436,2.25161,0.0,13.41044,4.13217
32.0,23,7,0,2.42746,-100.0,1.45881,0,19.1648,6.38378,0.0,-16.73734,-4.92497
34.0,23,7,0,13.7203,-100.0,4.61777,0,2.42746,1.45881,0.0,11.29284,3.1589600000000004
36.0,23,7,0,5.04492,-100.0,2.06872,0,13.7203,4.61777,0.0,-8.67538,-2.5490500000000003
4.0,24,10,0,-12.8915,3.00387,0.0,1,3.35265,0.0,1.0,-16.24415,0.0
6.0,24,10,0,-6.51585,17.3763,0.0,1,-12.8915,0.0,1.0,6.37565,0.0
8.0,24,10,0,-4.55324,22.725,0.0,1,-6.51585,0.0,1.0,1.9626100000000006,0.0
10.0,24,10,0,-11.7475,24.7825,0.0,1,-4.55324,0.0,1.0,-7.194260000000001,0.0
12.0,24,10,0,-5.06421,20.0386,0.0,1,-11.7475,0.0,1.0,6.68329,0.0
14.0,24,10,0,-13.6889,12.5387,0.0,1,-5.06421,0.0,1.0,-8.624690000000001,0.0
16.0,24,10,0,0.326543,26.6175,0.0,1,-13.6889,0.0,1.0,14.015443000000001,0.0
18.0,24,10,0,3.62798,24.5072,0.0,1,0.326543,0.0,1.0,3.301437,0.0
20.0,24,10,0,-13.5902,7.32446,0.0,1,3.62798,0.0,1.0,-17.21818,0.0
22.0,24,10,0,0.4387,17.0213,0.0,1,-13.5902,0.0,1.0,14.0289,0.0
24.0,24,10,0,-6.10738,15.7767,0.0,1,0.4387,0.0,1.0,-6.54608,0.0
26.0,24,10,0,-5.9307,9.73908,0.0,1,-6.10738,0.0,1.0,0.17668000000000017,0.0
28.0,24,10,0,-8.79818,6.48738,0.0,1,-5.9307,0.0,1.0,-2.8674800000000005,0.0
30.0,24,10,0,-2.4291,24.9857,0.0,1,-8.79818,0.0,1.0,6.36908,0.0
32.0,24,10,0,-11.5118,9.60752,0.0,1,-2.4291,0.0,1.0,-9.082699999999999,0.0
34.0,24,10,0,17.3847,13.8491,1.14233,0,-11.5118,0.0,1.0,28.896499999999996,1.14233
36.0,24,10,0,-5.23972,18.6311,0.0,1,17.3847,1.14233,0.0,-22.62442,-1.14233
4.0,25,10,0,22.5978,3.00387,5.93121,0,33.6924,3.22637,0.0,-11.0946,2.70484
6.0,25,10,0,21.4131,17.3763,1.32523,0,22.5978,5.93121,0.0,-1.1846999999999994,-4.605980000000001
8.0,25,10,0,33.6944,22.725,3.6369,0,21.4131,1.32523,0.0,12.281300000000002,2.31167
10.0,25,10,0,5.59182,24.7825,0.0,1,33.6944,3.6369,0.0,-28.102580000000003,-3.6369
12.0,25,10,0,22.2187,20.0386,0.718617,0,5.59182,0.0,1.0,16.62688,0.718617
14.0,25,10,0,29.9844,12.5387,5.71856,0,22.2187,0.718617,0.0,7.7657000000000025,4.999943
16.0,25,10,0,35.2796,26.6175,2.87475,0,29.9844,5.71856,0.0,5.295200000000001,-2.84381
18.0,25,10,0,24.4684,24.5072,0.0,1,35.2796,2.87475,0.0,-10.811200000000003,-2.87475
20.0,25,10,0,28.0349,7.32446,6.63703,0,24.4684,0.0,1.0,3.5665000000000013,6.63703
22.0,25,10,0,36.8867,17.0213,6.57106,0,28.0349,6.63703,0.0,8.851799999999997,-0.06597000000000008
24.0,25,10,0,34.1751,15.7767,6.07471,0,36.8867,6.57106,0.0,-2.711599999999997,-0.4963500000000005
26.0,25,10,0,35.6841,9.73908,8.47354,0,34.1751,6.07471,0.0,1.5090000000000003,2.3988300000000002
28.0,25,10,0,29.8397,6.48738,7.46676,0,35.6841,8.47354,0.0,-5.8444,-1.00678
30.0,25,10,0,26.6099,24.9857,0.538123,0,29.8397,7.46676,0.0,-3.229800000000001,-6.928637
32.0,25,10,0,31.0929,9.60752,6.98855,0,26.6099,0.538123,0.0,4.4830000000000005,6.450427
34.0,25,10,0,31.8444,13.8491,5.92058,0,31.0929,6.98855,0.0,0.7515000000000001,-1.0679699999999999
36.0,25,10,0,12.2447,18.6311,0.0,1,31.8444,5.92058,0.0,-19.5997,-5.92058
4.0,26,6,0,-3.82431,-100.0,0.500335,0,-11.2992,0.103188,0.0,7.47489,0.397147
6.0,26,6,1,-3.78243,-100.0,0.504427,0,-3.82431,0.500335,0.0,0.04187999999999992,0.0040919999999999845
8.0,26,3,0,6.70766,26.8141,0.0,1,-3.78243,0.504427,0.0,10.49009,-0.504427
10.0,26,3,0,12.8895,11.3857,0.470645,0,6.70766,0.0,1.0,6.18184,0.470645
12.0,26,3,0,15.9116,18.7126,0.0,1,12.8895,0.470645,0.0,3.0221,-0.470645
14.0,26,3,0,26.6241,10.6983,5.17567,0,15.9116,0.0,1.0,10.712499999999999,5.17567
16.0,26,3,0,21.2672,18.3486,0.95933,0,26.6241,5.17567,0.0,-5.3568999999999996,-4.216340000000001
18.0,26,3,0,3.52468,15.4906,0.0,1,21.2672,0.95933,0.0,-17.74252,-0.95933
20.0,26,3,0,6.50654,14.0326,0.0,1,3.52468,0.0,1.0,2.98186,0.0
22.0,26,3,0,16.1369,-4.54146,4.96074,0,6.50654,0.0,1.0,9.63036,4.96074
24.0,26,3,0,22.9198,16.2739,2.18145,0,16.1369,4.96074,0.0,6.782899999999998,-2.7792900000000005
26.0,26,3,0,1.92254,23.5317,0.0,1,22.9198,2.18145,0.0,-20.997259999999997,-2.18145
28.0,26,3,0,17.6687,12.8537,1.55106,0,1.92254,0.0,1.0,15.746160000000001,1.55106
30.0,26,3,0,21.7945,18.2506,1.16534,0,17.6687,1.55106,0.0,4.125799999999998,-0.38572000000000006
32.0,26,3,0,23.8414,13.0128,3.53278,0,21.7945,1.16534,0.0,2.046900000000001,2.3674399999999998
34.0,26,3,0,19.5203,14.4039,1.66424,0,23.8414,3.53278,0.0,-4.321100000000001,-1.8685399999999999
36.0,26,3,0,6.79243,6.48396,0.0842077,1,19.5203,1.66424,0.0,-12.72787,-1.5800323
4.0,27,7,0,36.2956,-100.0,12.0575,0,22.0907,7.34725,0.0,14.204900000000002,4.710249999999999
6.0,27,7,0,38.8515,-100.0,12.9064,0,36.2956,12.0575,0.0,2.555900000000001,0.8489000000000004
8.0,27,7,0,39.4042,-100.0,13.09,0,38.8515,12.9064,0.0,0.5527000000000015,0.1836000000000002
10.0,27,7,0,41.9354,-100.0,13.9307,0,39.4042,13.09,0.0,2.5311999999999983,0.8407
12.0,27,7,0,20.1719,-100.0,6.71476,0,41.9354,13.9307,0.0,-21.7635,-7.21594
14.0,27,7,0,17.5066,-100.0,5.84095,0,20.1719,6.71476,0.0,-2.665300000000002,-0.8738099999999998
16.0,27,7,0,14.7455,-100.0,4.94592,0,17.5066,5.84095,0.0,-2.761099999999999,-0.8950300000000002
18.0,27,7,0,5.79744,-100.0,2.26293,0,14.7455,4.94592,0.0,-8.94806,-2.68299
20.0,27,7,0,23.6132,-100.0,7.8504,0,5.79744,2.26293,0.0,17.815759999999997,5.58747
22.0,27,7,0,18.9365,-100.0,6.30889,0,23.6132,7.8504,0.0,-4.6767,-1.5415099999999997
24.0,27,7,0,21.7742,-100.0,7.24279,0,18.9365,6.30889,0.0,2.8377000000000017,0.9339000000000004
26.0,27,7,0,10.0677,-100.0,3.47988,0,21.7742,7.24279,0.0,-11.7065,-3.76291
28.0,27,7,0,21.7639,-100.0,7.23939,0,10.0677,3.47988,0.0,11.6962,3.75951
30.0,27,7,0,20.073,-100.0,6.68223,0,21.7639,7.23939,0.0,-1.6908999999999992,-0.5571600000000005
32.0,27,7,0,17.5083,-100.0,5.8415,0,20.073,6.68223,0.0,-2.564700000000002,-0.8407299999999998
34.0,27,7,0,29.0443,-100.0,9.65012,0,17.5083,5.8415,0.0,11.536000000000001,3.8086199999999995
36.0,27,7,0,10.6942,-100.0,3.67052,0,29.0443,9.65012,0.0,-18.350099999999998,-5.9796
4.0,28,7,0,30.2681,-100.0,10.0562,0,1.6483,1.2996,0.0,28.6198,8.7566
6.0,28,7,0,24.4905,-100.0,8.14068,0,30.2681,10.0562,0.0,-5.7776,-1.9155200000000008
8.0,28,7,0,33.5531,-100.0,11.1467,0,24.4905,8.14068,0.0,9.0626,3.0060199999999995
10.0,28,7,0,27.8753,-100.0,9.26233,0,33.5531,11.1467,0.0,-5.677800000000001,-1.8843699999999988
12.0,28,7,0,21.8861,-100.0,7.27972,0,27.8753,9.26233,0.0,-5.9892,-1.9826100000000002
14.0,28,7,0,16.4302,-100.0,5.49045,0,21.8861,7.27972,0.0,-5.4559,-1.7892700000000001
16.0,28,7,0,8.91934,-100.0,3.13703,0,16.4302,5.49045,0.0,-7.510859999999999,-2.35342
18.0,28,7,0,25.1483,-100.0,8.35848,0,8.91934,3.13703,0.0,16.22896,5.22145
20.0,28,7,0,23.9692,-100.0,7.96817,0,25.1483,8.35848,0.0,-1.1790999999999983,-0.3903100000000004
22.0,28,7,0,20.9581,-100.0,6.97365,0,23.9692,7.96817,0.0,-3.011099999999999,-0.9945199999999996
24.0,28,7,0,19.4966,-100.0,6.49274,0,20.9581,6.97365,0.0,-1.461500000000001,-0.4809099999999997
26.0,28,7,0,15.4246,-100.0,5.16474,0,19.4966,6.49274,0.0,-4.072000000000001,-1.3280000000000003
28.0,28,7,0,25.1216,-100.0,8.34966,0,15.4246,5.16474,0.0,9.697000000000001,3.18492
30.0,28,7,0,19.1123,-100.0,6.36655,0,25.1216,8.34966,0.0,-6.0093,-1.98311
32.0,28,7,0,23.3072,-100.0,7.74921,0,19.1123,6.36655,0.0,4.1949000000000005,1.3826599999999996
34.0,28,7,0,25.0125,-100.0,8.31351,0,23.3072,7.74921,0.0,1.7052999999999976,0.5643000000000011
36.0,28,7,0,4.98292,-100.0,2.05306,0,25.0125,8.31351,0.0,-20.02958,-6.2604500000000005
4.0,29,10,0,5.66019,3.00387,0.643416,0,3.52998,0.0,1.0,2.13021,0.643416
6.0,29,10,0,-2.95517,17.3763,0.0,1,5.66019,0.643416,0.0,-8.615359999999999,-0.643416
8.0,29,10,0,14.477,22.725,0.0,1,-2.95517,0.0,1.0,17.43217,0.0
10.0,29,10,0,15.9374,24.7825,0.0,1,14.477,0.0,1.0,1.4604,0.0
12.0,29,10,0,30.4872,20.0386,3.45802,0,15.9374,0.0,1.0,14.549800000000001,3.45802
14.0,29,10,0,7.49169,12.5387,0.0,1,30.4872,3.45802,0.0,-22.995510000000003,-3.45802
16.0,29,10,0,29.74,26.6175,1.03566,0,7.49169,0.0,1.0,22.248309999999996,1.03566
18.0,29,10,0,24.0001,24.5072,0.0,1,29.74,1.03566,0.0,-5.739899999999999,-1.03566
20.0,29,10,0,9.7017,7.32446,0.691414,0,24.0001,0.0,1.0,-14.298399999999999,0.691414
22.0,29,10,0,2.88492,17.0213,0.0,1,9.7017,0.691414,0.0,-6.8167800000000005,-0.691414
24.0,29,10,0,3.41429,15.7767,0.0,1,2.88492,0.0,1.0,0.5293699999999997,0.0
26.0,29,10,0,6.18839,9.73908,0.0,1,3.41429,0.0,1.0,2.7741000000000002,0.0
28.0,29,10,0,23.6936,6.48738,5.42971,0,6.18839,0.0,1.0,17.505209999999998,5.42971
30.0,29,10,0,-4.3997,24.9857,0.0,1,23.6936,5.42971,0.0,-28.0933,-5.42971
32.0,29,10,0,-3.25838,9.60752,0.0,1,-4.3997,0.0,1.0,1.1413200000000003,0.0
34.0,29,10,0,13.9823,13.8491,0.0425362,1,-3.25838,0.0,1.0,17.24068,0.0425362
36.0,29,10,0,7.05427,18.6311,0.0,1,13.9823,0.0425362,1.0,-6.928030000000001,-0.0425362
4.0,30,6,0,-10.0526,-100.0,0.135924,0,-5.10944,0.387758,0.0,-4.94316,-0.251834
6.0,30,6,0,-0.684184,-100.0,0.890831,0,-10.0526,0.135924,0.0,9.368416,0.754907
8.0,30,6,0,-0.579275,-100.0,0.906991,0,-0.684184,0.890831,0.0,0.10490900000000003,0.016159999999999952
10.0,30,6,0,12.2852,-100.0,4.16386,0,-0.579275,0.906991,0.0,12.864474999999999,3.2568689999999996
12.0,30,6,0,-0.0281985,-100.0,0.995324,0,12.2852,4.16386,0.0,-12.3133985,-3.1685359999999996
14.0,30,6,0,-3.22377,-100.0,0.56171,0,-0.0281985,0.995324,0.0,-3.1955715000000002,-0.43361399999999994
16.0,30,6,0,-4.74692,-100.0,0.417059,0,-3.22377,0.56171,0.0,-1.5231500000000002,-0.14465100000000003
18.0,30,6,0,14.0504,-100.0,4.72314,0,-4.74692,0.417059,0.0,18.79732,4.306081
20.0,30,6,0,-5.67413,-100.0,0.345693,0,14.0504,4.72314,0.0,-19.72453,-4.377447
22.0,30,6,0,10.2788,-100.0,3.54388,0,-5.67413,0.345693,0.0,15.95293,3.1981870000000003
24.0,30,6,0,8.67764,-100.0,3.06609,0,10.2788,3.54388,0.0,-1.6011600000000001,-0.47779000000000016
26.0,30,6,0,9.05705,-100.0,3.17765,0,8.67764,3.06609,0.0,0.37941,0.11155999999999988
28.0,30,6,0,13.1252,-100.0,4.42868,0,9.05705,3.17765,0.0,4.068149999999999,1.25103
30.0,30,6,0,6.37662,-100.0,2.41731,0,13.1252,4.42868,0.0,-6.74858,-2.01137
32.0,30,6,0,-0.806818,-100.0,0.872205,0,6.37662,2.41731,0.0,-7.183438,-1.545105
34.0,30,6,0,9.65237,-100.0,3.35484,0,-0.806818,0.872205,0.0,10.459188,2.4826349999999997
36.0,30,6,0,-1.41975,-100.0,0.783371,0,9.65237,3.35484,0.0,-11.07212,-2.5714689999999996
4.0,31,10,0,16.9392,3.00387,4.07245,0,26.8933,0.9701,0.0,-9.9541,3.10235
6.0,31,10,0,17.4762,17.3763,0.0325944,1,16.9392,4.07245,0.0,0.536999999999999,-4.0398556
8.0,31,10,0,32.4827,22.725,3.23455,0,17.4762,0.0325944,1.0,15.006500000000003,3.2019556000000002
10.0,31,10,0,13.9229,24.7825,0.0,1,32.4827,3.23455,0.0,-18.559800000000003,-3.23455
12.0,31,10,0,19.3141,20.0386,0.0,1,13.9229,0.0,1.0,5.3911999999999995,0.0
14.0,31,10,0,9.8483,12.5387,0.0,1,19.3141,0.0,1.0,-9.4658,0.0
16.0,31,10,0,20.4211,26.6175,0.0,1,9.8483,0.0,1.0,10.572799999999999,0.0
18.0,31,10,0,10.491,24.5072,0.0,1,20.4211,0.0,1.0,-9.9301,0.0
20.0,31,10,0,14.489,7.32446,2.18534,0,10.491,0.0,1.0,3.998000000000001,2.18534
22.0,31,10,0,16.3927,17.0213,0.0,1,14.489,2.18534,0.0,1.9037000000000006,-2.18534
24.0,31,10,0,14.5961,15.7767,0.0,1,16.3927,0.0,1.0,-1.7966000000000015,0.0
26.0,31,10,0,22.5416,9.73908,4.1153,0,14.5961,0.0,1.0,7.945499999999999,4.1153
28.0,31,10,0,29.8157,6.48738,7.45878,0,22.5416,4.1153,0.0,7.274100000000001,3.3434799999999996
30.0,31,10,0,6.91105,24.9857,0.0,1,29.8157,7.45878,0.0,-22.90465,-7.45878
32.0,31,10,0,5.08544,9.60752,0.0,1,6.91105,0.0,1.0,-1.8256100000000002,0.0
34.0,31,10,0,8.39655,13.8491,0.0,1,5.08544,0.0,1.0,3.3111099999999993,0.0
36.0,31,10,0,4.94908,18.6311,0.0,1,8.39655,0.0,1.0,-3.447469999999999,0.0
4.0,32,3,0,10.853,2.57695,2.2286,0,9.98731,0.0,1.0,0.865689999999999,2.2286
6.0,32,3,0,0.312804,16.7524,0.0,1,10.853,2.2286,0.0,-10.540196,-2.2286
8.0,32,3,0,3.94136,26.8141,0.0,1,0.312804,0.0,1.0,3.628556,0.0
10.0,32,3,0,0.993058,11.3857,0.0,1,3.94136,0.0,1.0,-2.948302,0.0
12.0,32,3,0,15.4082,18.7126,0.0,1,0.993058,0.0,1.0,14.415142000000001,0.0
14.0,32,3,0,19.993,10.6983,2.98412,0,15.4082,0.0,1.0,4.584799999999998,2.98412
16.0,32,3,0,9.27624,18.3486,0.0,1,19.993,2.98412,0.0,-10.716759999999999,-2.98412
18.0,32,3,0,-4.99039,15.4906,0.0,1,9.27624,0.0,1.0,-14.26663,0.0
20.0,32,3,0,10.226,14.0326,0.0,1,-4.99039,0.0,1.0,15.21639,0.0
22.0,32,3,0,9.88516,-4.54146,2.99029,0,10.226,0.0,1.0,-0.34084000000000003,2.99029
24.0,32,3,0,10.8774,16.2739,0.0,1,9.88516,2.99029,0.0,0.9922399999999989,-2.99029
26.0,32,3,0,-3.00221,23.5317,0.0,1,10.8774,0.0,1.0,-13.87961,0.0
28.0,32,3,0,7.20846,12.8537,0.0,1,-3.00221,0.0,1.0,10.21067,0.0
30.0,32,3,0,17.0674,18.2506,0.0,1,7.20846,0.0,1.0,9.85894,0.0
32.0,32,3,0,-5.29676,13.0128,0.0,1,17.0674,0.0,1.0,-22.36416,0.0
34.0,32,3,0,14.2459,14.4039,0.0,1,-5.29676,0.0,1.0,19.54266,0.0
36.0,32,3,0,12.8998,6.48396,1.91103,0,14.2459,0.0,1.0,-1.3460999999999999,1.91103
4.0,33,8,0,-8.42512,14.157,0.0,1,8.39929,2.91317,0.0,-16.82441,-2.91317
6.0,33,8,0,8.34047,0.591736,1.8663,0,-8.42512,0.0,1.0,16.76559,1.8663
8.0,33,8,0,8.27769,2.32658,1.51217,0,8.34047,1.8663,0.0,-0.06278000000000006,-0.35413000000000006
10.0,33,8,1,10.4148,-2.15412,2.89911,0,8.27769,1.51217,0.0,2.13711,1.3869399999999998
12.0,33,1,0,-14.4395,-100.0,0.0509946,1,10.4148,2.89911,0.0,-24.854300000000002,-2.8481153999999997
14.0,33,1,0,9.48425,-100.0,3.30455,0,-14.4395,0.0509946,1.0,23.92375,3.2535553999999998
16.0,33,1,0,-1.86369,-100.0,0.723405,0,9.48425,3.30455,0.0,-11.34794,-2.581145
18.0,33,1,0,-3.5812,-100.0,0.524475,0,-1.86369,0.723405,0.0,-1.7175099999999999,-0.19892999999999994
20.0,33,1,0,4.54914,-100.0,1.94503,0,-3.5812,0.524475,0.0,8.13034,1.420555
22.0,33,1,0,-0.735211,-100.0,0.883046,0,4.54914,1.94503,0.0,-5.284351,-1.061984
24.0,33,1,0,11.0928,-100.0,3.79297,0,-0.735211,0.883046,0.0,11.828011,2.909924
26.0,33,1,0,1.14288,-100.0,1.20228,0,11.0928,3.79297,0.0,-9.94992,-2.59069
28.0,33,1,0,11.2141,-100.0,3.83039,0,1.14288,1.20228,0.0,10.07122,2.62811
30.0,33,1,0,17.5016,-100.0,5.83933,0,11.2141,3.83039,0.0,6.2875,2.0089400000000004
32.0,33,1,0,4.02551,-100.0,1.81831,0,17.5016,5.83933,0.0,-13.47609,-4.02102
34.0,33,1,0,2.77227,-100.0,1.53273,0,4.02551,1.81831,0.0,-1.25324,-0.28558000000000017
36.0,33,1,0,21.1385,-100.0,7.03311,0,2.77227,1.53273,0.0,18.36623,5.50038
4.0,34,3,0,20.8294,2.57695,5.44066,0,7.51512,0.0,1.0,13.31428,5.44066
6.0,34,3,0,8.01252,16.7524,0.0,1,20.8294,5.44066,0.0,-12.81688,-5.44066
8.0,34,3,0,21.6131,26.8141,0.0,1,8.01252,0.0,1.0,13.600579999999999,0.0
10.0,34,3,0,14.5819,11.3857,1.00992,0,21.6131,0.0,1.0,-7.0312,1.00992
12.0,34,3,0,19.9918,18.7126,0.420035,0,14.5819,1.00992,0.0,5.409900000000002,-0.589885
14.0,34,3,0,20.9139,10.6983,3.2873,0,19.9918,0.420035,0.0,0.9221000000000004,2.867265
16.0,34,3,0,29.2391,18.3486,3.59853,0,20.9139,3.2873,0.0,8.325199999999999,0.3112299999999997
18.0,34,3,0,25.9378,15.4906,3.43398,0,29.2391,3.59853,0.0,-3.3013000000000012,-0.16454999999999975
20.0,34,3,0,16.0857,14.0326,0.661204,0,25.9378,3.43398,0.0,-9.8521,-2.772776
22.0,34,3,0,2.2146,-4.54146,0.979731,0,16.0857,0.661204,0.0,-13.871099999999998,0.318527
24.0,34,3,0,19.4691,16.2739,1.04402,0,2.2146,0.979731,0.0,17.2545,0.06428899999999993
26.0,34,3,0,29.5383,23.5317,1.99057,0,19.4691,1.04402,0.0,10.069199999999999,0.94655
28.0,34,3,0,21.3885,12.8537,2.77273,0,29.5383,1.99057,0.0,-8.149799999999999,0.7821600000000002
30.0,34,3,0,13.0063,18.2506,0.0,1,21.3885,2.77273,0.0,-8.382200000000001,-2.77273
32.0,34,3,0,3.31083,13.0128,0.0,1,13.0063,0.0,1.0,-9.69547,0.0
34.0,34,3,0,29.0958,14.4039,4.8309,0,3.31083,0.0,1.0,25.78497,4.8309
36.0,34,3,0,18.3305,6.48396,3.66394,0,29.0958,4.8309,0.0,-10.7653,-1.1669599999999996
4.0,35,8,0,-10.6229,14.157,0.0,1,-21.4766,0.0,1.0,10.853700000000002,0.0
6.0,35,8,0,4.83887,0.591736,0.915258,0,-10.6229,0.0,1.0,15.46177,0.915258
8.0,35,8,0,-19.2296,2.32658,0.0,1,4.83887,0.915258,0.0,-24.06847,-0.915258
10.0,35,8,0,-9.25883,-2.15412,0.0,1,-19.2296,0.0,1.0,9.970770000000002,0.0
12.0,35,8,0,-12.7702,-2.68615,0.0,1,-9.25883,0.0,1.0,-3.511370000000001,0.0
14.0,35,8,0,-9.87993,-5.41236,0.0,1,-12.7702,0.0,1.0,2.890270000000001,0.0
16.0,35,8,1,1.42574,8.21419,0.0,1,-9.87993,0.0,1.0,11.30567,0.0
18.0,35,1,0,-1.45628,-100.0,0.7783,0,1.42574,0.0,1.0,-2.88202,0.7783
20.0,35,1,0,-13.2252,-100.0,0.0670683,1,-1.45628,0.7783,0.0,-11.76892,-0.7112317
22.0,35,1,0,1.8607,-100.0,1.34191,0,-13.2252,0.0670683,1.0,15.085899999999999,1.2748416999999999
24.0,35,1,0,6.4237,-100.0,2.43003,0,1.8607,1.34191,0.0,4.563000000000001,1.08812
26.0,35,1,0,-1.11876,-100.0,0.826113,0,6.4237,2.43003,0.0,-7.54246,-1.603917
28.0,35,1,0,-0.977639,-100.0,0.846737,0,-1.11876,0.826113,0.0,0.14112099999999994,0.020623999999999976
30.0,35,1,0,-7.40771,-100.0,0.2408,0,-0.977639,0.846737,0.0,-6.430071,-0.605937
32.0,35,1,0,9.03792,-100.0,3.172,0,-7.40771,0.2408,0.0,16.44563,2.9312
34.0,35,1,0,0.543171,-100.0,1.09304,0,9.03792,3.172,0.0,-8.494749,-2.0789600000000004
36.0,35,1,0,5.22255,-100.0,2.11388,0,0.543171,1.09304,0.0,4.679379,1.02084
4.0,36,2,1,0.658647,-100.0,1.11354,0,-0.96093,0.849204,0.0,1.619577,0.264336
6.0,36,7,0,17.6044,-100.0,5.87289,0,0.658647,1.11354,0.0,16.945753,4.7593499999999995
8.0,36,7,0,13.4555,-100.0,4.53351,0,17.6044,5.87289,0.0,-4.148899999999998,-1.3393800000000002
10.0,36,7,0,14.207,-100.0,4.7732,0,13.4555,4.53351,0.0,0.7515000000000001,0.2396900000000004
12.0,36,7,0,-3.37138,-100.0,0.546077,0,14.207,4.7732,0.0,-17.57838,-4.227123
14.0,36,7,0,10.7056,-100.0,3.67404,0,-3.37138,0.546077,0.0,14.07698,3.1279630000000003
16.0,36,7,0,1.57052,-100.0,1.28431,0,10.7056,3.67404,0.0,-9.13508,-2.38973
18.0,36,7,0,14.2976,-100.0,4.8022,0,1.57052,1.28431,0.0,12.727079999999999,3.51789
20.0,36,7,0,12.1541,-100.0,4.1228,0,14.2976,4.8022,0.0,-2.1434999999999995,-0.6794000000000002
22.0,36,7,0,17.6531,-100.0,5.88879,0,12.1541,4.1228,0.0,5.498999999999999,1.7659900000000004
24.0,36,7,0,5.07313,-100.0,2.07587,0,17.6531,5.88879,0.0,-12.57997,-3.81292
26.0,36,7,0,1.55106,-100.0,1.28051,0,5.07313,2.07587,0.0,-3.52207,-0.7953600000000001
28.0,36,7,0,15.4666,-100.0,5.17829,0,1.55106,1.28051,0.0,13.91554,3.8977799999999996
30.0,36,7,0,12.5394,-100.0,4.24373,0,15.4666,5.17829,0.0,-2.927199999999999,-0.9345599999999994
32.0,36,7,0,0.878583,-100.0,1.1533,0,12.5394,4.24373,0.0,-11.660817,-3.0904300000000005
34.0,36,7,0,0.112184,-100.0,1.01875,0,0.878583,1.1533,0.0,-0.766399,-0.13454999999999995
36.0,36,7,0,13.8905,-100.0,4.67205,0,0.112184,1.01875,0.0,13.778316,3.6532999999999998
4.0,37,9,0,-6.5187,-100.0,0.290319,0,4.38243,1.90424,0.0,-10.90113,-1.613921
6.0,37,9,0,-9.85435,-100.0,0.14197,0,-6.5187,0.290319,0.0,-3.3356500000000002,-0.14834899999999998
8.0,37,9,0,-1.98313,-100.0,0.70789,0,-9.85435,0.14197,0.0,7.87122,0.56592
10.0,37,9,0,13.2948,-100.0,4.48248,0,-1.98313,0.70789,0.0,15.277930000000001,3.77459
12.0,37,9,0,-7.30822,-100.0,0.24593,0,13.2948,4.48248,0.0,-20.60302,-4.236549999999999
14.0,37,9,0,8.02482,-100.0,2.87691,0,-7.30822,0.24593,0.0,15.33304,2.63098
16.0,37,9,0,22.9315,-100.0,7.62502,0,8.02482,2.87691,0.0,14.90668,4.7481100000000005
18.0,37,9,0,17.2888,-100.0,5.7699,0,22.9315,7.62502,0.0,-5.642700000000001,-1.8551200000000003
20.0,37,9,0,10.6974,-100.0,3.67151,0,17.2888,5.7699,0.0,-6.591399999999998,-2.0983899999999998
22.0,37,9,0,10.8408,-100.0,3.71548,0,10.6974,3.67151,0.0,0.14339999999999975,0.04396999999999984
24.0,37,9,0,-7.67612,-100.0,0.227446,0,10.8408,3.71548,0.0,-18.51692,-3.488034
26.0,37,9,0,9.80677,-100.0,3.4012,0,-7.67612,0.227446,0.0,17.48289,3.1737539999999997
28.0,37,9,0,21.6856,-100.0,7.21356,0,9.80677,3.4012,0.0,11.87883,3.8123600000000004
30.0,37,9,0,2.28368,-100.0,1.42861,0,21.6856,7.21356,0.0,-19.40192,-5.78495
32.0,37,9,0,7.52826,-100.0,2.73555,0,2.28368,1.42861,0.0,5.244580000000001,1.30694
34.0,37,9,0,19.0212,-100.0,6.33667,0,7.52826,2.73555,0.0,11.49294,3.60112
36.0,37,9,0,11.4836,-100.0,3.9138,0,19.0212,6.33667,0.0,-7.537600000000001,-2.4228699999999996
4.0,38,4,0,-1.22786,-100.0,0.810425,0,0.719548,1.12446,0.0,-1.9474079999999998,-0.31403500000000006
6.0,38,4,0,-15.5264,-100.0,0.0398582,1,-1.22786,0.810425,0.0,-14.298540000000001,-0.7705668
8.0,38,4,0,-21.893,-100.0,0.00929975,1,-15.5264,0.0398582,1.0,-6.3666,-0.03055845
10.0,38,4,0,2.27036,-100.0,1.42583,0,-21.893,0.00929975,1.0,24.16336,1.4165302499999999
12.0,38,4,0,-21.022,-100.0,0.0113569,1,2.27036,1.42583,0.0,-23.29236,-1.4144731
14.0,38,4,0,-10.3551,-100.0,0.127169,0,-21.022,0.0113569,1.0,10.666899999999998,0.1158121
16.0,38,4,0,-2.92456,-100.0,0.594519,0,-10.3551,0.127169,0.0,7.430540000000001,0.46735000000000004
18.0,38,4,0,-11.0092,-100.0,0.110049,0,-2.92456,0.594519,0.0,-8.08464,-0.48447
20.0,38,4,0,-12.7475,-100.0,0.074669,1,-11.0092,0.110049,0.0,-1.7383000000000006,-0.035379999999999995
22.0,38,4,0,-23.8509,-100.0,0.00593184,1,-12.7475,0.074669,1.0,-11.103399999999999,-0.06873716
24.0,38,4,0,-10.7558,-100.0,0.116402,0,-23.8509,0.00593184,1.0,13.095099999999999,0.11047016000000001
26.0,38,4,0,4.3073,-100.0,1.88599,0,-10.7558,0.116402,0.0,15.0631,1.7695880000000002
28.0,38,4,0,-9.00861,-100.0,0.17075,0,4.3073,1.88599,0.0,-13.315909999999999,-1.71524
30.0,38,4,0,-12.5495,-100.0,0.0780582,1,-9.00861,0.17075,0.0,-3.540890000000001,-0.09269180000000002
32.0,38,4,0,0.232767,-100.0,1.03918,0,-12.5495,0.0780582,1.0,12.782267000000001,0.9611218
34.0,38,4,0,-20.2078,-100.0,0.0136879,1,0.232767,1.03918,0.0,-20.440566999999998,-1.0254921
36.0,38,4,0,-8.94387,-100.0,0.173166,0,-20.2078,0.0136879,1.0,11.263929999999998,0.15947809999999998
4.0,39,6,0,22.736,-100.0,7.56039,0,18.1548,6.05279,0.0,4.581199999999999,1.5076
6.0,39,6,0,22.4678,-100.0,7.4718,0,22.736,7.56039,0.0,-0.2682000000000002,-0.08858999999999995
8.0,39,6,0,22.6766,-100.0,7.54079,0,22.4678,7.4718,0.0,0.2088000000000001,0.06899000000000033
10.0,39,6,0,29.3343,-100.0,9.74633,0,22.6766,7.54079,0.0,6.657699999999998,2.20554
12.0,39,6,0,25.5162,-100.0,8.48034,0,29.3343,9.74633,0.0,-3.8180999999999976,-1.2659900000000004
14.0,39,6,0,27.8575,-100.0,9.25641,0,25.5162,8.48034,0.0,2.3413000000000004,0.7760700000000007
16.0,39,6,0,34.6197,-100.0,11.5009,0,27.8575,9.25641,0.0,6.7622,2.244489999999999
18.0,39,6,0,30.6323,-100.0,10.1771,0,34.6197,11.5009,0.0,-3.987400000000001,-1.3238000000000003
20.0,39,6,0,30.7032,-100.0,10.2006,0,30.6323,10.1771,0.0,0.07089999999999819,0.0235000000000003
22.0,39,6,0,18.3294,-100.0,6.10994,0,30.7032,10.2006,0.0,-12.3738,-4.09066
24.0,39,6,0,19.8884,-100.0,6.62152,0,18.3294,6.10994,0.0,1.559000000000001,0.5115800000000004
26.0,39,6,0,15.7205,-100.0,5.26038,0,19.8884,6.62152,0.0,-4.167900000000001,-1.3611400000000007
28.0,39,6,0,24.5658,-100.0,8.16561,0,15.7205,5.26038,0.0,8.8453,2.9052299999999995
30.0,39,6,0,28.6176,-100.0,9.50854,0,24.5658,8.16561,0.0,4.0518,1.3429300000000008
32.0,39,6,0,25.9152,-100.0,8.61252,0,28.6176,9.50854,0.0,-2.702400000000001,-0.89602
34.0,39,6,0,30.4188,-100.0,10.1062,0,25.9152,8.61252,0.0,4.503600000000002,1.4936799999999995
36.0,39,6,0,21.4005,-100.0,7.11952,0,30.4188,10.1062,0.0,-9.0183,-2.98668
4.0,40,7,0,20.0266,-100.0,6.66695,0,20.607,6.85797,0.0,-0.5804000000000009,-0.19101999999999997
6.0,40,7,0,9.82301,-100.0,3.40608,0,20.0266,6.66695,0.0,-10.203589999999998,-3.2608699999999997
8.0,40,7,0,16.7911,-100.0,5.60777,0,9.82301,3.40608,0.0,6.96809,2.20169
10.0,40,7,0,15.6761,-100.0,5.246,0,16.7911,5.60777,0.0,-1.1150000000000002,-0.3617699999999999
12.0,40,7,0,9.41036,-100.0,3.28251,0,15.6761,5.246,0.0,-6.265739999999999,-1.9634900000000006
14.0,40,7,0,8.94521,-100.0,3.14465,0,9.41036,3.28251,0.0,-0.4651500000000013,-0.13785999999999987
16.0,40,7,0,12.9823,-100.0,4.38345,0,8.94521,3.14465,0.0,4.037090000000001,1.2388
18.0,40,7,0,12.1415,-100.0,4.11883,0,12.9823,4.38345,0.0,-0.8407999999999998,-0.26461999999999986
20.0,40,7,0,14.2172,-100.0,4.77648,0,12.1415,4.11883,0.0,2.0756999999999994,0.6576500000000003
22.0,40,7,0,14.0174,-100.0,4.71259,0,14.2172,4.77648,0.0,-0.19979999999999976,-0.06389000000000067
24.0,40,7,0,25.8581,-100.0,8.5936,0,14.0174,4.71259,0.0,11.8407,3.8810100000000007
26.0,40,7,0,18.4133,-100.0,6.13741,0,25.8581,8.5936,0.0,-7.444800000000001,-2.4561900000000003
28.0,40,7,0,21.4449,-100.0,7.13415,0,18.4133,6.13741,0.0,3.031600000000001,0.99674
30.0,40,7,0,3.58809,-100.0,1.71572,0,21.4449,7.13415,0.0,-17.85681,-5.41843
32.0,40,7,0,11.5392,-100.0,3.93105,0,3.58809,1.71572,0.0,7.95111,2.21533
34.0,40,7,0,-19.5729,-100.0,0.0158305,1,11.5392,3.93105,0.0,-31.112099999999998,-3.9152195
36.0,40,7,0,-5.03838,-100.0,0.393356,0,-19.5729,0.0158305,1.0,14.53452,0.37752549999999996
4.0,41,10,0,-0.16386,3.00387,0.0,1,22.9394,0.0,1.0,-23.10326,0.0
6.0,41,10,0,8.10718,17.3763,0.0,1,-0.16386,0.0,1.0,8.27104,0.0
8.0,41,10,0,1.14657,22.725,0.0,1,8.10718,0.0,1.0,-6.960609999999999,0.0
10.0,41,10,0,12.0515,24.7825,0.0,1,1.14657,0.0,1.0,10.90493,0.0
12.0,41,10,0,22.5082,20.0386,0.814233,0,12.0515,0.0,1.0,10.456699999999998,0.814233
14.0,41,10,0,2.48201,12.5387,0.0,1,22.5082,0.814233,0.0,-20.02619,-0.814233
16.0,41,10,0,-7.3279,26.6175,0.0,1,2.48201,0.0,1.0,-9.809909999999999,0.0
18.0,41,10,0,-5.56259,24.5072,0.0,1,-7.3279,0.0,1.0,1.7653099999999995,0.0
20.0,41,10,0,-1.72332,7.32446,0.0,1,-5.56259,0.0,1.0,3.83927,0.0
22.0,41,10,0,3.05225,17.0213,0.0,1,-1.72332,0.0,1.0,4.77557,0.0
24.0,41,10,0,7.92319,15.7767,0.0,1,3.05225,0.0,1.0,4.87094,0.0
26.0,41,10,0,-7.45703,9.73908,0.0,1,7.92319,0.0,1.0,-15.38022,0.0
28.0,41,10,0,1.78932,6.48738,0.0,1,-7.45703,0.0,1.0,9.24635,0.0
30.0,41,10,0,12.5358,24.9857,0.0,1,1.78932,0.0,1.0,10.74648,0.0
32.0,41,10,0,10.6734,9.60752,0.322761,0,12.5358,0.0,1.0,-1.8623999999999992,0.322761
34.0,41,10,0,1.44108,13.8491,0.0,1,10.6734,0.322761,0.0,-9.232320000000001,-0.322761
36.0,41,10,0,9.29653,18.6311,0.0,1,1.44108,0.0,1.0,7.855450000000001,0.0
4.0,42,10,0,19.9924,3.00387,5.07217,0,21.578,0.0,1.0,-1.5855999999999995,5.07217
6.0,42,10,0,17.634,17.3763,0.0841189,1,19.9924,5.07217,0.0,-2.3583999999999996,-4.9880511
8.0,42,10,0,7.49598,22.725,0.0,1,17.634,0.0841189,1.0,-10.138020000000001,-0.0841189
10.0,42,10,0,24.641,24.7825,0.0,1,7.49598,0.0,1.0,17.14502,0.0
12.0,42,10,0,36.6057,20.0386,5.48955,0,24.641,0.0,1.0,11.9647,5.48955
14.0,42,10,0,26.7213,12.5387,4.63618,0,36.6057,5.48955,0.0,-9.8844,-0.85337
16.0,42,10,0,22.1381,26.6175,0.0,1,26.7213,4.63618,0.0,-4.583199999999998,-4.63618
18.0,42,10,0,16.2292,24.5072,0.0,1,22.1381,0.0,1.0,-5.908900000000003,0.0
20.0,42,10,0,14.3373,7.32446,2.1367,0,16.2292,0.0,1.0,-1.891899999999998,2.1367
22.0,42,10,0,22.5148,17.0213,1.80459,0,14.3373,2.1367,0.0,8.1775,-0.3321099999999999
24.0,42,10,0,35.7681,15.7767,6.60372,0,22.5148,1.80459,0.0,13.253299999999996,4.79913
26.0,42,10,0,34.0068,9.73908,7.91655,0,35.7681,6.60372,0.0,-1.7612999999999985,1.31283
28.0,42,10,0,22.1056,6.48738,4.90491,0,34.0068,7.91655,0.0,-11.9012,-3.01164
30.0,42,10,0,35.4923,24.9857,3.48607,0,22.1056,4.90491,0.0,13.386700000000001,-1.4188400000000003
32.0,42,10,0,31.5367,9.60752,7.13587,0,35.4923,3.48607,0.0,-3.9556000000000004,3.6498
34.0,42,10,0,32.0072,13.8491,5.97463,0,31.5367,7.13587,0.0,0.4704999999999977,-1.1612399999999994
36.0,42,10,0,28.0794,18.6311,3.12126,0,32.0072,5.97463,0.0,-3.9277999999999977,-2.8533700000000004
4.0,43,9,0,28.4401,-100.0,9.44967,0,16.8604,5.63032,0.0,11.579700000000003,3.819349999999999
6.0,43,9,0,17.3052,-100.0,5.77524,0,28.4401,9.44967,0.0,-11.134900000000002,-3.674429999999999
8.0,43,9,0,22.8714,-100.0,7.60516,0,17.3052,5.77524,0.0,5.566200000000002,1.8299199999999995
10.0,43,9,0,11.1354,-100.0,3.80611,0,22.8714,7.60516,0.0,-11.736,-3.79905
12.0,43,9,0,8.54564,-100.0,3.02755,0,11.1354,3.80611,0.0,-2.58976,-0.7785599999999997
14.0,43,9,0,20.9671,-100.0,6.97662,0,8.54564,3.02755,0.0,12.421459999999998,3.9490699999999994
16.0,43,9,0,-1.53872,-100.0,0.766944,0,20.9671,6.97662,0.0,-22.50582,-6.209676
18.0,43,9,0,11.7516,-100.0,3.99711,0,-1.53872,0.766944,0.0,13.29032,3.230166
20.0,43,9,0,16.9618,-100.0,5.66334,0,11.7516,3.99711,0.0,5.2102,1.6662299999999997
22.0,43,9,0,17.8401,-100.0,5.94987,0,16.9618,5.66334,0.0,0.8782999999999994,0.28652999999999995
24.0,43,9,0,16.941,-100.0,5.65658,0,17.8401,5.94987,0.0,-0.8991000000000007,-0.29328999999999983
26.0,43,9,0,18.4649,-100.0,6.15429,0,16.941,5.65658,0.0,1.5239000000000011,0.49770999999999965
28.0,43,9,0,3.14914,-100.0,1.61587,0,18.4649,6.15429,0.0,-15.315760000000001,-4.5384199999999995
30.0,43,9,0,16.8442,-100.0,5.62504,0,3.14914,1.61587,0.0,13.695060000000002,4.00917
32.0,43,9,0,12.3336,-100.0,4.17907,0,16.8442,5.62504,0.0,-4.5106,-1.44597
34.0,43,9,0,8.57198,-100.0,3.03523,0,12.3336,4.17907,0.0,-3.7616200000000006,-1.1438400000000004
36.0,43,9,0,-8.56528,-100.0,0.187953,0,8.57198,3.03523,0.0,-17.137259999999998,-2.847277
4.0,44,8,0,15.1547,14.157,0.320442,0,-4.76686,0.343582,0.0,19.92156,-0.023139999999999994
6.0,44,8,0,1.48229,0.591736,0.165479,0,15.1547,0.320442,0.0,-13.67241,-0.15496300000000002
8.0,44,8,0,-7.51284,2.32658,0.0,1,1.48229,0.165479,0.0,-8.99513,-0.165479
10.0,44,8,0,12.2765,-2.15412,3.47502,0,-7.51284,0.0,1.0,19.78934,3.47502
12.0,44,8,0,7.43766,-2.68615,2.08826,0,12.2765,3.47502,0.0,-4.83884,-1.3867600000000002
14.0,44,8,0,24.2579,-5.41236,7.69905,0,7.43766,2.08826,0.0,16.82024,5.61079
16.0,44,8,0,12.6628,8.21419,1.35118,0,24.2579,7.69905,0.0,-11.595099999999999,-6.3478699999999995
18.0,44,8,0,-6.9404,2.07675,0.0,1,12.6628,1.35118,0.0,-19.6032,-1.35118
20.0,44,8,0,10.3601,15.0795,0.0,1,-6.9404,0.0,1.0,17.3005,0.0
22.0,44,8,0,-12.9136,2.43027,0.0,1,10.3601,0.0,1.0,-23.273699999999998,0.0
24.0,44,8,0,3.4101,3.28256,0.0289645,1,-12.9136,0.0,1.0,16.323700000000002,0.0289645
26.0,44,8,0,12.3672,0.915722,3.02952,0,3.4101,0.0289645,1.0,8.9571,3.0005555000000004
28.0,44,8,0,-10.1763,-9.47387,0.0,1,12.3672,3.02952,0.0,-22.5435,-3.02952
30.0,44,8,0,1.17132,11.2201,0.0,1,-10.1763,0.0,1.0,11.34762,0.0
32.0,44,8,0,-10.9573,7.68104,0.0,1,1.17132,0.0,1.0,-12.12862,0.0
34.0,44,8,0,0.610605,3.67635,0.0,1,-10.9573,0.0,1.0,11.567905,0.0
36.0,44,8,0,-19.9122,2.36798,0.0,1,0.610605,0.0,1.0,-20.522804999999998,0.0
4.0,45,9,0,31.697,-100.0,10.5305,0,33.1052,10.998,0.0,-1.4082000000000043,-0.46749999999999936
6.0,45,9,0,36.3116,-100.0,12.0628,0,31.697,10.5305,0.0,4.614599999999999,1.5322999999999993
8.0,45,9,0,33.5602,-100.0,11.1491,0,36.3116,12.0628,0.0,-2.7513999999999967,-0.9136999999999986
10.0,45,9,0,41.1585,-100.0,13.6727,0,33.5602,11.1491,0.0,7.598299999999995,2.5236
12.0,45,9,0,36.0366,-100.0,11.9715,0,41.1585,13.6727,0.0,-5.121899999999997,-1.7012
14.0,45,9,0,31.6194,-100.0,10.5047,0,36.0366,11.9715,0.0,-4.417200000000001,-1.466800000000001
16.0,45,9,0,34.864,-100.0,11.582,0,31.6194,10.5047,0.0,3.2445999999999984,1.077300000000001
18.0,45,9,0,28.1946,-100.0,9.36823,0,34.864,11.582,0.0,-6.669399999999996,-2.2137700000000002
20.0,45,9,0,21.2595,-100.0,7.07301,0,28.1946,9.36823,0.0,-6.935100000000002,-2.2952200000000005
22.0,45,9,0,26.644,-100.0,8.85406,0,21.2595,7.07301,0.0,5.384499999999999,1.7810500000000005
24.0,45,9,0,6.44554,-100.0,2.43594,0,26.644,8.85406,0.0,-20.198459999999997,-6.41812
26.0,45,9,0,20.7238,-100.0,6.89647,0,6.44554,2.43594,0.0,14.27826,4.46053
28.0,45,9,0,22.8187,-100.0,7.58771,0,20.7238,6.89647,0.0,2.094899999999999,0.6912400000000005
30.0,45,9,0,16.7393,-100.0,5.59093,0,22.8187,7.58771,0.0,-6.0794,-1.9967800000000002
32.0,45,9,0,-2.05479,-100.0,0.698705,0,16.7393,5.59093,0.0,-18.79409,-4.892225
34.0,45,9,0,14.083,-100.0,4.73354,0,-2.05479,0.698705,0.0,16.13779,4.034834999999999
36.0,45,9,0,11.3794,-100.0,3.88152,0,14.083,4.73354,0.0,-2.7036,-0.8520199999999996
4.0,46,4,1,2.77122,-100.0,1.5325,0,-4.20343,0.464552,0.0,6.9746500000000005,1.067948
6.0,46,1,0,6.41864,-100.0,2.42866,0,2.77122,1.5325,0.0,3.64742,0.8961599999999998
8.0,46,1,0,7.44908,-100.0,2.71323,0,6.41864,2.42866,0.0,1.0304400000000005,0.28457
10.0,46,1,0,11.9381,-100.0,4.05525,0,7.44908,2.71323,0.0,4.48902,1.3420200000000002
12.0,46,1,0,-12.081,-100.0,0.0866889,1,11.9381,4.05525,0.0,-24.0191,-3.9685611
14.0,46,1,0,22.2088,-100.0,7.38625,0,-12.081,0.0866889,1.0,34.2898,7.2995611
16.0,46,1,0,5.371,-100.0,2.15195,0,22.2088,7.38625,0.0,-16.8378,-5.234300000000001
18.0,46,1,0,9.29196,-100.0,3.24726,0,5.371,2.15195,0.0,3.920959999999999,1.09531
20.0,46,1,0,15.5475,-100.0,5.20445,0,9.29196,3.24726,0.0,6.25554,1.9571899999999998
22.0,46,1,0,22.4536,-100.0,7.4671,0,15.5475,5.20445,0.0,6.906100000000002,2.2626500000000007
24.0,46,1,0,26.4804,-100.0,8.79984,0,22.4536,7.4671,0.0,4.026799999999998,1.3327399999999994
26.0,46,1,0,25.2792,-100.0,8.40185,0,26.4804,8.79984,0.0,-1.2012,-0.39799000000000007
28.0,46,1,0,28.041,-100.0,9.31729,0,25.2792,8.40185,0.0,2.761800000000001,0.9154400000000003
30.0,46,1,0,-0.0619449,-100.0,0.989748,0,28.041,9.31729,0.0,-28.1029449,-8.327542
32.0,46,1,0,22.0892,-100.0,7.34677,0,-0.0619449,0.989748,0.0,22.151144900000002,6.357022000000001
34.0,46,1,0,1.21685,-100.0,1.21623,0,22.0892,7.34677,0.0,-20.87235,-6.13054
36.0,46,1,0,21.9653,-100.0,7.30585,0,1.21685,1.21623,0.0,20.74845,6.08962
4.0,47,3,0,15.747,2.57695,3.77834,0,28.0269,1.78461,0.0,-12.279900000000001,1.99373
6.0,47,3,0,27.2951,16.7524,3.47474,0,15.747,3.77834,0.0,11.548100000000002,-0.30359999999999987
8.0,47,3,0,27.0257,26.8141,0.0701719,1,27.2951,3.47474,0.0,-0.26940000000000097,-3.4045681
10.0,47,3,0,24.1528,11.3857,4.14545,0,27.0257,0.0701719,1.0,-2.8729000000000013,4.0752781
12.0,47,3,0,10.515,18.7126,0.0,1,24.1528,4.14545,0.0,-13.637799999999999,-4.14545
14.0,47,3,0,20.2738,10.6983,3.07651,0,10.515,0.0,1.0,9.7588,3.07651
16.0,47,3,0,22.3499,18.3486,1.31663,0,20.2738,3.07651,0.0,2.0761000000000003,-1.7598799999999999
18.0,47,3,0,23.3373,15.4906,2.5731,0,22.3499,1.31663,0.0,0.9873999999999974,1.2564700000000002
20.0,47,3,0,24.9096,14.0326,3.56199,0,23.3373,2.5731,0.0,1.572300000000002,0.98889
22.0,47,3,0,15.7876,-4.54146,4.8476,0,24.9096,3.56199,0.0,-9.122000000000002,1.2856099999999997
24.0,47,3,0,12.4061,16.2739,0.0,1,15.7876,4.8476,0.0,-3.381499999999999,-4.8476
26.0,47,3,0,15.1289,23.5317,0.0,1,12.4061,0.0,1.0,2.7227999999999994,0.0
28.0,47,3,0,11.9695,12.8537,0.0,1,15.1289,0.0,1.0,-3.1593999999999998,0.0
30.0,47,3,0,13.6607,18.2506,0.0,1,11.9695,0.0,1.0,1.6912000000000003,0.0
32.0,47,3,0,12.7636,13.0128,0.0,1,13.6607,0.0,1.0,-0.8971,0.0
34.0,47,3,0,13.5575,14.4039,0.0,1,12.7636,0.0,1.0,0.7938999999999989,0.0
36.0,47,3,0,-4.18271,6.48396,0.0,1,13.5575,0.0,1.0,-17.740209999999998,0.0
4.0,48,10,0,26.9673,3.00387,7.37769,0,31.5329,2.50939,0.0,-4.5656,4.8683000000000005
6.0,48,10,0,18.754,17.3763,0.450627,0,26.9673,7.37769,0.0,-8.2133,-6.927063
8.0,48,10,0,24.3136,22.725,0.525382,0,18.754,0.450627,0.0,5.5596,0.07475500000000002
10.0,48,10,0,14.6345,24.7825,0.0,1,24.3136,0.525382,0.0,-9.679100000000002,-0.525382
12.0,48,10,0,15.96,20.0386,0.0,1,14.6345,0.0,1.0,1.3255000000000017,0.0
14.0,48,10,0,15.0651,12.5387,0.805286,0,15.96,0.0,1.0,-0.8949000000000016,0.805286
16.0,48,10,0,18.1712,26.6175,0.0,1,15.0651,0.805286,0.0,3.1060999999999996,-0.805286
18.0,48,10,0,2.09709,24.5072,0.0,1,18.1712,0.0,1.0,-16.074109999999997,0.0
20.0,48,10,0,25.5912,7.32446,5.82696,0,2.09709,0.0,1.0,23.49411,5.82696
22.0,48,10,0,8.07375,17.0213,0.0,1,25.5912,5.82696,0.0,-17.51745,-5.82696
24.0,48,10,0,19.9326,15.7767,1.35749,0,8.07375,0.0,1.0,11.85885,1.35749
26.0,48,10,0,13.3996,9.73908,1.13487,0,19.9326,1.35749,0.0,-6.533000000000001,-0.22262000000000004
28.0,48,10,0,10.4757,6.48738,1.1565,0,13.3996,1.13487,0.0,-2.9238999999999997,0.021630000000000038
30.0,48,10,0,10.5615,24.9857,0.0,1,10.4757,1.1565,0.0,0.08580000000000076,-1.1565
32.0,48,10,0,17.535,9.60752,2.50882,0,10.5615,0.0,1.0,6.9735,2.50882
34.0,48,10,0,12.215,13.8491,0.0,1,17.535,2.50882,0.0,-5.32,-2.50882
36.0,48,10,0,-1.04209,18.6311,0.0,1,12.215,0.0,1.0,-13.25709,0.0
4.0,49,3,0,4.83152,2.57695,0.524445,0,-9.34983,0.0,1.0,14.181350000000002,0.524445
6.0,49,3,0,-8.46474,16.7524,0.0,1,4.83152,0.524445,0.0,-13.29626,-0.524445
8.0,49,3,0,-17.6584,26.8141,0.0,1,-8.46474,0.0,1.0,-9.19366,0.0
10.0,49,3,0,-3.23212,11.3857,0.0,1,-17.6584,0.0,1.0,14.42628,0.0
12.0,49,3,0,3.17352,18.7126,0.0,1,-3.23212,0.0,1.0,6.40564,0.0
14.0,49,3,0,18.8397,10.6983,2.60535,0,3.17352,0.0,1.0,15.66618,2.60535
16.0,49,3,0,2.3814,18.3486,0.0,1,18.8397,2.60535,0.0,-16.4583,-2.60535
18.0,49,3,0,6.08573,15.4906,0.0,1,2.3814,0.0,1.0,3.7043299999999997,0.0
20.0,49,3,0,-3.61425,14.0326,0.0,1,6.08573,0.0,1.0,-9.69998,0.0
22.0,49,3,0,-12.041,-4.54146,0.0,1,-3.61425,0.0,1.0,-8.42675,0.0
24.0,49,3,0,20.9219,16.2739,1.52204,0,-12.041,0.0,1.0,32.962900000000005,1.52204
26.0,49,3,0,-1.00284,23.5317,0.0,1,20.9219,1.52204,0.0,-21.92474,-1.52204
28.0,49,3,0,9.93711,12.8537,0.0,1,-1.00284,0.0,1.0,10.93995,0.0
30.0,49,3,0,-2.12509,18.2506,0.0,1,9.93711,0.0,1.0,-12.0622,0.0
32.0,49,3,0,17.3288,13.0128,1.38985,0,-2.12509,0.0,1.0,19.45389,1.38985
34.0,49,3,0,18.4234,14.4039,1.30445,0,17.3288,1.38985,0.0,1.0945999999999998,-0.08539999999999992
36.0,49,3,0,8.0094,6.48396,0.426129,0,18.4234,1.30445,0.0,-10.414000000000001,-0.8783210000000001
