sim_time_s,pdet,rmse_m,energy_j,jscore,uav0_energy_j,uav1_energy_j,uav2_energy_j,uav3_energy_j,uav0_eprop_j,uav1_eprop_j,uav2_eprop_j,uav3_eprop_j,uav0_erf_j,uav1_erf_j,uav2_erf_j,uav3_erf_j,uav0_eproc_j,uav1_eproc_j,uav2_eproc_j,uav3_eproc_j,avg_throughput_mbps,avg_delay_ms,avg_loss_pct,survSenseDt,patSenseDt,rapidSenseDt,stratSenseDt,survTargetSpeed,patTargetSpeed,rapidTargetSpeed,stratTargetSpeed,survTargetAltitude,patTargetAltitude,rapidTargetAltitude,stratTargetAltitude,survDt,patDt,rapidDt,stratDt
10,0.380804,7.47086,10326.5,1.04465,2271.97,2629.42,2888.31,2536.81,2269.72,2627.39,2886.37,2534.81,1.79574,1.79574,1.79574,1.79574,0.455,0.235,0.145,0.21,0.0006688,12.058,0,1,1,1,1,8.20599,21.2026,29.7894,20.1602,60,80,100,120,2,1.5,1,1.2
20,0.442857,8.251,21647.9,1.48888,4795.84,5625.41,6144.11,5082.51,4790.85,5621.1,6140,5078.34,3.791,3.791,3.791,3.791,1.205,0.515,0.32,0.38,0.00088,12.1926,0,0.9,1,1,1,8.20599,21.2026,29.7894,20.1602,60,80,100,120,2,1.5,1,1.2
30,0.465476,10.031,33147.4,2.03877,7306.9,8540.55,9605.88,7694.04,7299.2,8533.65,9599.28,7687.68,5.78626,5.78626,5.78626,5.78626,1.915,1.115,0.805,0.575,0.0012736,11.9865,0,0.9,0.9,1,1,8.20599,21.2026,29.7894,20.1602,60,80,100,120,2,1.5,1,1.2
40,0.54517,11.1072,44630.4,1.85501,9816.77,11303.3,12933.7,10576.6,9806.43,11294.2,12924.6,10568.1,7.78152,7.78152,7.78152,7.78152,2.565,1.405,1.27,0.79,0.0010368,11.9044,0,0.9,0.9,0.9,1,8.20599,21.2026,29.7894,20.1602,60,80,100,120,2,1.5,1,1.2
50,0.707955,12.5783,56288,2.01045,12340.9,14135.9,16266,13545.3,12328.1,14124.2,16254.8,13534.4,9.77679,9.77679,9.77679,9.77679,2.99,1.825,1.51,1.095,0.0008896,12.1852,0,0.9,0.9,0.9,0.9,8.20599,21.2026,29.7894,20.1602,60,80,100,120,2,1.5,1,1.2
60,0.900543,14.0684,68023,2.86093,14867.7,17022,19633.3,16499.9,14852.6,17007.9,19619.6,16486.6,11.772,11.772,11.772,11.772,3.32,2.35,2,1.55,0.001152,12.6162,0,0.8,0.9,0.9,0.9,8.20599,21.2026,29.7894,20.1602,60,80,100,120,2,1.5,1,1.2
70,0.925,17.0109,79766.7,2.3029,17410.8,19988.3,22921.9,19445.6,17393.4,19971.8,22905.8,19430.1,13.7673,13.7673,13.7673,13.7673,3.695,2.735,2.41,1.715,0.0008544,12.3928,0,0.8,0.8,0.9,0.9,8.20599,21.2026,29.7894,20.1602,60,80,100,120,2,1.5,1,1.2
80,0.925,20.0901,91272.3,2.26727,19947,22970.3,26215.9,22139.1,19927.1,22951.2,26197.4,22121.5,15.7626,15.7626,15.7626,15.7626,4.19,3.285,2.76,1.85,0.0009792,12.7438,0,0.8,0.8,0.8,0.9,8.20599,21.2026,29.7894,20.1602,60,80,100,120,2,1.5,1,1.2
90,0.925,22.679,102939,2.21276,22474,25900.1,29596,24968.8,22451.5,25878.6,29575.1,24949,17.7578,17.7578,17.7578,17.7578,4.755,3.79,3.16,2.035,0.0010592,12.7821,0,0.8,0.8,0.8,0.8,8.20599,21.2026,29.7894,20.1602,60,80,100,120,2,1.5,1,1.2
100,0.925,25.2448,114145,1.85122,24989.7,28515.9,32858.6,27780.5,24964.7,28492.1,32835.1,27758.6,19.7531,19.7531,19.7531,19.7531,5.235,4.035,3.7,2.21,0.0009216,12.4639,0,0.7,0.8,0.8,0.8,8.20599,21.2026,29.7894,20.1602,60,80,100,120,2,1.5,1,1.2
110,0.925,29.3995,125570,1.43819,27497.8,31425.7,36221.5,30424.8,27470.4,31399.6,36195.7,30400.7,21.7484,21.7484,21.7484,21.7484,5.625,4.425,4.045,2.385,0.000832,12.4969,0,0.7,0.7,0.8,0.8,8.20599,21.2026,29.7894,20.1602,60,80,100,120,2,1.5,1,1.2
120,0.930682,31.8391,137282,2.1974,30031.5,34315.1,39556.7,33378.8,30001.6,34286.2,39528.3,33352.5,23.7436,23.7436,23.7436,23.7436,6.185,5.165,4.59,2.635,0.0013408,12.1168,0,0.7,0.7,0.7,0.8,8.20599,21.2026,29.7894,20.1602,60,80,100,120,2,1.5,1,1.2
130,0.962061,32.2814,149155,2.37771,32587,37178.4,43013.2,36376.5,32554.2,37147.1,42982.3,36347.8,25.7389,25.7389,25.7389,25.7389,7.065,5.55,5.125,3.02,0.0013984,12.1215,0,0.7,0.7,0.7,0.7,8.20599,21.2026,29.7894,20.1602,60,80,100,120,2,1.5,1,1.2
140,0.969915,32.3857,160873,2.55153,35102.6,40112.7,46226.7,39431.5,35066.7,40078.9,46193.6,39400.3,27.7341,27.7341,27.7341,27.7341,8.19,6.03,5.375,3.49,0.001488,11.8044,0,0.6,0.7,0.7,0.7,8.20599,21.2026,29.7894,20.1602,60,80,100,120,2,1.5,1,1.2
150,0.975,33.6144,172605,3.04202,37620.5,43097.3,49516,42371.4,37581.4,43061,49480.5,42337.5,29.7294,29.7294,29.7294,29.7294,9.32,6.56,5.83,4.2,0.001808,11.8995,0,0.6,0.6,0.7,0.7,8.20599,21.2026,29.7894,20.1602,60,80,100,120,2,1.5,1,1.2
160,0.988095,32.7286,184408,2.97158,40170.8,46020.2,52891.2,45326.2,40128.7,45981.4,52853,45289.9,31.7247,31.7247,31.7247,31.7247,10.375,7.115,6.5,4.615,0.0017248,11.5982,0,0.6,0.6,0.7,0.7,8.20599,21.2026,29.7894,20.1602,60,80,95,120,2,1.5,1,1.2
170,1,34.9635,195908,2.32512,42734.9,48992.5,56327.4,47852.9,42690.1,48951.1,56286.7,47814.3,33.7199,33.7199,33.7199,33.7199,11.11,7.615,6.98,4.89,0.0012736,11.7056,0,0.6,0.6,0.7,0.7,8.20599,21.2026,29.7894,20.1602,60,80,95,120,2,1.5,1,1.2
180,1,36.731,207441,2.18258,45312.2,51979.3,59522.5,50626.6,45264.9,51935.1,59479.5,50585.8,35.7152,35.7152,35.7152,35.7152,11.64,8.45,7.285,5.07,0.001184,11.8684,0,0.6,0.6,0.7,0.7,8.20599,21.2026,29.7894,20.1602,60,80,95,120,2,1.5,1,1.2
190,1,40.6436,219090,1.97541,47859.8,54867.1,62848,53514.8,47810.2,54820.2,62802.7,53471.7,37.7105,37.7105,37.7105,37.7105,11.92,9.255,7.58,5.32,0.0010432,11.7878,0,0.6,0.6,0.7,0.7,8.20599,21.2026,29.7894,20.1602,60,80,95,120,2,1.5,1,1.2
200,1,38.5659,230882,2.37023,50364.1,57813.7,66258.3,56446.2,50312.2,57763.9,66210.5,56400.7,39.7057,39.7057,39.7057,39.7057,12.135,10.125,8.075,5.785,0.0013088,11.8594,0,0.6,0.6,0.7,0.7,8.20599,21.2026,29.7894,20.1602,60,80,95,120,2,1.5,1,1.2
210,1,38.0935,242287,2.0846,52887.2,60499.3,69528.9,59371.7,52833,60447,69478.5,59323.9,41.701,41.701,41.701,41.701,12.495,10.53,8.73,6.105,0.0011136,11.7161,0,0.6,0.6,0.7,0.7,8.20599,21.2026,29.7894,20.1602,60,80,95,120,2,1.5,1,1.2
220,1,42.2464,253894,2.04757,55434.8,63331.1,72879.9,62247.9,55378.1,63276.5,72826.9,62197.7,43.6962,43.6962,43.6962,43.6962,13,10.84,9.235,6.5,0.0010976,11.9766,0,0.6,0.6,0.7,0.7,8.20599,21.2026,29.7894,20.1602,60,80,95,120,2,1.5,1,1.2
230,1,46.7494,265063,1.83664,57996,66104.1,75783.7,65179.7,57936.7,66047.3,75728.5,65127.2,45.6915,45.6915,45.6915,45.6915,13.61,11.14,9.5,6.825,0.00096,12.0672,0,0.6,0.6,0.7,0.7,8.20599,21.2026,29.7894,20.1602,60,80,95,120,2,1.5,1,1.2
240,1,50.7359,276681,2.42233,60530.6,69005.6,79147.9,67997.2,60468.5,68946.2,79090.3,67942.5,47.6868,47.6868,47.6868,47.6868,14.415,11.72,10,7.025,0.0013344,11.5853,0,0.6,0.6,0.7,0.7,8.20599,21.2026,29.7894,20.1602,60,80,95,120,2,1.5,1,1.2
250,1,51.0107,288454,3.17285,63101.5,71982.4,82534.4,70835.2,63036.4,71920.2,82474,70778.2,49.682,49.682,49.682,49.682,15.35,12.58,10.77,7.34,0.0018432,11.839,0,0.6,0.6,0.7,0.7,8.20599,21.2026,29.7894,20.1602,60,80,95,120,2,1.5,1,1.2
260,1,46.5447,300099,3.19178,65635.8,74922.6,85840.4,73700.4,65567.6,74857.4,85777.4,73641.1,51.6773,51.6773,51.6773,51.6773,16.455,13.5,11.335,7.64,0.0018496,11.6525,0,0.6,0.6,0.7,0.7,8.20599,21.2026,29.7894,20.1602,60,80,95,120,2,1.5,1,1.2
270,1,47.0297,311995,2.95259,68174.5,77935.3,89274.4,76610.6,68103.2,77867.4,89209,76548.9,53.6726,53.6726,53.6726,53.6726,17.625,14.195,11.67,8.095,0.0016992,11.9242,0,0.6,0.6,0.7,0.7,8.20599,21.2026,29.7894,20.1602,60,80,95,120,2,1.5,1,1.2
280,1,45.9851,323846,2.91246,70742.1,80881.1,92665.6,79556.9,70667.6,80810.8,92597.8,79492.6,55.6678,55.6678,55.6678,55.6678,18.755,14.68,12.115,8.65,0.0016736,11.9587,0,0.6,0.6,0.7,0.7,8.20599,21.2026,29.7894,20.1602,60,80,95,120,2,1.5,1,1.2
290,1,50.574,335575,2.82091,73298,83670.3,96097.1,82509.4,73220.5,83597.6,96026.5,82442.7,57.6631,57.6631,57.6631,57.6631,19.795,14.995,12.91,9.015,0.0016096,11.8698,0,0.6,0.6,0.7,0.7,8.20599,21.2026,29.7894,20.1602,60,80,95,120,2,1.5,1,1.2
300,1,53.6601,347107,2.44121,75879.3,86488.7,99368.8,85369.7,75799,86413.7,99295.6,85300.8,59.6583,59.6583,59.6583,59.6583,20.695,15.38,13.47,9.29,0.0013568,11.8799,0,0.6,0.6,0.7,0.7,8.20599,21.2026,29.7894,20.1602,60,80,95,120,2,1.5,1,1.2
