Time,DeploymentMode,UavIndex,UavCellId,BestDonorCellId,BestDonorDistanceM,XhaulConnected,XhaulChannelVariationDb,XhaulRsrpDbm,XhaulState,XhaulDegradationActive,DonorUnavailableActive,SatBackhaulDlSnrDb,SatBackhaulUlSnrDb,SatBackhaulHealthy,UavSwitchingXappAvailable,UavSwitchingXappState,BackhaulMode,RicControlState,ActiveUavRic,NormalUeHandoverAllowed,E2TxDelaySec,E2SendIntervalSec,LmQueryIntervalSec,UavMode
4.5,tn-uav,0,5,1,758.585,1,0,-59.0413,HEALTHY,0,0,-999,-999,0,1,STANDBY,TN_DIRECT,TN_E2,TN_NEAR_RT_RIC,1,0.1,2,2,TN_CONTROLLED_COVERAGE_EXTENSION
4.5,tn-uav,1,6,3,1836.25,1,0,-66.7198,HEALTHY,0,0,-999,-999,0,1,STANDBY,TN_DIRECT,TN_E2,TN_NEAR_RT_RIC,1,0.1,2,2,TN_CONTROLLED_COVERAGE_EXTENSION
4.5,tn-uav,2,7,4,1236.37,1,0,-63.2842,HEALTHY,0,0,-999,-999,0,1,STANDBY,TN_DIRECT,TN_E2,TN_NEAR_RT_RIC,1,0.1,2,2,TN_CONTROLLED_COVERAGE_EXTENSION
6.5,tn-uav,0,5,1,758.585,1,0,-59.0413,HEALTHY,0,0,-999,-999,0,1,STANDBY,TN_DIRECT,TN_E2,TN_NEAR_RT_RIC,1,0.1,2,2,TN_CONTROLLED_COVERAGE_EXTENSION
6.5,tn-uav,1,6,3,1836.25,1,0,-66.7198,HEALTHY,0,0,-999,-999,0,1,STANDBY,TN_DIRECT,TN_E2,TN_NEAR_RT_RIC,1,0.1,2,2,TN_CONTROLLED_COVERAGE_EXTENSION
6.5,tn-uav,2,7,4,1236.37,1,0,-63.2842,HEALTHY,0,0,-999,-999,0,1,STANDBY,TN_DIRECT,TN_E2,TN_NEAR_RT_RIC,1,0.1,2,2,TN_CONTROLLED_COVERAGE_EXTENSION
8.5,tn-uav,0,5,1,758.585,1,0,-59.0413,HEALTHY,0,0,-999,-999,0,1,STANDBY,TN_DIRECT,TN_E2,TN_NEAR_RT_RIC,1,0.1,2,2,TN_CONTROLLED_COVERAGE_EXTENSION
8.5,tn-uav,1,6,3,1825.53,1,0,-66.669,HEALTHY,0,0,-999,-999,0,1,STANDBY,TN_DIRECT,TN_E2,TN_NEAR_RT_RIC,1,0.1,2,2,TN_CONTROLLED_COVERAGE_EXTENSION
8.5,tn-uav,2,7,4,1236.37,1,0,-63.2842,HEALTHY,0,0,-999,-999,0,1,STANDBY,TN_DIRECT,TN_E2,TN_NEAR_RT_RIC,1,0.1,2,2,TN_CONTROLLED_COVERAGE_EXTENSION
10.5,tn-uav,0,5,1,761.918,1,0,-59.0794,HEALTHY,0,0,-999,-999,0,1,STANDBY,TN_DIRECT,TN_E2,TN_NEAR_RT_RIC,1,0.1,2,2,TN_CONTROLLED_COVERAGE_EXTENSION
10.5,tn-uav,1,6,3,1814.7,1,0,-66.6173,HEALTHY,0,0,-999,-999,0,1,STANDBY,TN_DIRECT,TN_E2,TN_NEAR_RT_RIC,1,0.1,2,2,TN_CONTROLLED_COVERAGE_EXTENSION
10.5,tn-uav,2,7,4,1236.37,1,0,-63.2842,HEALTHY,0,0,-999,-999,0,1,STANDBY,TN_DIRECT,TN_E2,TN_NEAR_RT_RIC,1,0.1,2,2,TN_CONTROLLED_COVERAGE_EXTENSION
12.5,tn-uav,0,5,1,762.802,1,0,-59.0894,HEALTHY,0,0,-999,-999,0,1,STANDBY,TN_DIRECT,TN_E2,TN_NEAR_RT_RIC,1,0.1,2,2,TN_CONTROLLED_COVERAGE_EXTENSION
12.5,tn-uav,1,6,3,1802.83,1,0,-66.5603,HEALTHY,0,0,-999,-999,0,1,STANDBY,TN_DIRECT,TN_E2,TN_NEAR_RT_RIC,1,0.1,2,2,TN_CONTROLLED_COVERAGE_EXTENSION
12.5,tn-uav,2,7,4,1236.37,1,0,-63.2842,HEALTHY,0,0,-999,-999,0,1,STANDBY,TN_DIRECT,TN_E2,TN_NEAR_RT_RIC,1,0.1,2,2,TN_CONTROLLED_COVERAGE_EXTENSION
14.5,tn-uav,0,5,1,762.802,1,0,-59.0894,HEALTHY,0,0,-999,-999,0,1,STANDBY,TN_DIRECT,TN_E2,TN_NEAR_RT_RIC,1,0.1,2,2,TN_CONTROLLED_COVERAGE_EXTENSION
14.5,tn-uav,1,6,3,1790.76,1,0,-66.502,HEALTHY,0,0,-999,-999,0,1,STANDBY,TN_DIRECT,TN_E2,TN_NEAR_RT_RIC,1,0.1,2,2,TN_CONTROLLED_COVERAGE_EXTENSION
14.5,tn-uav,2,7,4,1236.37,1,0,-63.2842,HEALTHY,0,0,-999,-999,0,1,STANDBY,TN_DIRECT,TN_E2,TN_NEAR_RT_RIC,1,0.1,2,2,TN_CONTROLLED_COVERAGE_EXTENSION
16.5,tn-uav,0,5,1,778.6,1,0,-59.2675,HEALTHY,0,0,-999,-999,0,1,STANDBY,TN_DIRECT,TN_E2,TN_NEAR_RT_RIC,1,0.1,2,2,TN_CONTROLLED_COVERAGE_EXTENSION
16.5,tn-uav,1,6,3,1772.56,1,0,-66.4132,HEALTHY,0,0,-999,-999,0,1,STANDBY,TN_DIRECT,TN_E2,TN_NEAR_RT_RIC,1,0.1,2,2,TN_CONTROLLED_COVERAGE_EXTENSION
16.5,tn-uav,2,7,4,1244.64,1,0,-63.3421,HEALTHY,0,0,-999,-999,0,1,STANDBY,TN_DIRECT,TN_E2,TN_NEAR_RT_RIC,1,0.1,2,2,TN_CONTROLLED_COVERAGE_EXTENSION
18.5,tn-uav,0,5,1,795.096,1,0,-59.4496,HEALTHY,0,0,-999,-999,0,1,STANDBY,TN_DIRECT,TN_E2,TN_NEAR_RT_RIC,1,0.1,2,2,TN_CONTROLLED_COVERAGE_EXTENSION
18.5,tn-uav,1,6,3,1752.72,1,0,-66.3155,HEALTHY,0,0,-999,-999,0,1,STANDBY,TN_DIRECT,TN_E2,TN_NEAR_RT_RIC,1,0.1,2,2,TN_CONTROLLED_COVERAGE_EXTENSION
18.5,tn-uav,2,7,4,1262.61,1,0,-63.4666,HEALTHY,0,0,-999,-999,0,1,STANDBY,TN_DIRECT,TN_E2,TN_NEAR_RT_RIC,1,0.1,2,2,TN_CONTROLLED_COVERAGE_EXTENSION
20.5,tn-uav,0,5,1,798.252,1,0,-59.484,HEALTHY,0,0,-999,-999,0,1,STANDBY,TN_DIRECT,TN_E2,TN_NEAR_RT_RIC,1,0.1,2,2,TN_CONTROLLED_COVERAGE_EXTENSION
20.5,tn-uav,1,6,3,1733.65,1,0,-66.2205,HEALTHY,0,0,-999,-999,0,1,STANDBY,TN_DIRECT,TN_E2,TN_NEAR_RT_RIC,1,0.1,2,2,TN_CONTROLLED_COVERAGE_EXTENSION
20.5,tn-uav,2,7,4,1256.95,1,0,-63.4276,HEALTHY,0,0,-999,-999,0,1,STANDBY,TN_DIRECT,TN_E2,TN_NEAR_RT_RIC,1,0.1,2,2,TN_CONTROLLED_COVERAGE_EXTENSION
22.5,tn-uav,0,5,1,798.252,1,0,-59.484,HEALTHY,0,0,-999,-999,0,1,STANDBY,TN_DIRECT,TN_E2,TN_NEAR_RT_RIC,1,0.1,2,2,TN_CONTROLLED_COVERAGE_EXTENSION
22.5,tn-uav,1,6,3,1715.32,1,0,-66.1281,HEALTHY,0,0,-999,-999,0,1,STANDBY,TN_DIRECT,TN_E2,TN_NEAR_RT_RIC,1,0.1,2,2,TN_CONTROLLED_COVERAGE_EXTENSION
22.5,tn-uav,2,7,4,1267.96,1,0,-63.5033,HEALTHY,0,0,-999,-999,0,1,STANDBY,TN_DIRECT,TN_E2,TN_NEAR_RT_RIC,1,0.1,2,2,TN_CONTROLLED_COVERAGE_EXTENSION
24.5,tn-uav,0,5,1,798.252,1,0,-59.484,HEALTHY,0,0,-999,-999,0,1,STANDBY,TN_DIRECT,TN_E2,TN_NEAR_RT_RIC,1,0.1,2,2,TN_CONTROLLED_COVERAGE_EXTENSION
24.5,tn-uav,1,6,3,1702.41,1,0,-66.0625,HEALTHY,0,0,-999,-999,0,1,STANDBY,TN_DIRECT,TN_E2,TN_NEAR_RT_RIC,1,0.1,2,2,TN_CONTROLLED_COVERAGE_EXTENSION
24.5,tn-uav,2,7,4,1271.32,1,0,-63.5263,HEALTHY,0,0,-999,-999,0,1,STANDBY,TN_DIRECT,TN_E2,TN_NEAR_RT_RIC,1,0.1,2,2,TN_CONTROLLED_COVERAGE_EXTENSION
26.5,tn-uav,0,5,1,798.252,1,0,-59.484,HEALTHY,0,0,-999,-999,0,1,STANDBY,TN_DIRECT,TN_E2,TN_NEAR_RT_RIC,1,0.1,2,2,TN_CONTROLLED_COVERAGE_EXTENSION
26.5,tn-uav,1,6,3,1690.49,1,0,-66.0015,HEALTHY,0,0,-999,-999,0,1,STANDBY,TN_DIRECT,TN_E2,TN_NEAR_RT_RIC,1,0.1,2,2,TN_CONTROLLED_COVERAGE_EXTENSION
26.5,tn-uav,2,7,4,1271.32,1,0,-63.5263,HEALTHY,0,0,-999,-999,0,1,STANDBY,TN_DIRECT,TN_E2,TN_NEAR_RT_RIC,1,0.1,2,2,TN_CONTROLLED_COVERAGE_EXTENSION
28.5,tn-uav,0,5,1,798.252,1,0,-59.484,HEALTHY,0,0,-999,-999,0,1,STANDBY,TN_DIRECT,TN_E2,TN_NEAR_RT_RIC,1,0.1,2,2,TN_CONTROLLED_COVERAGE_EXTENSION
28.5,tn-uav,1,6,3,1679.82,1,0,-65.9464,HEALTHY,0,0,-999,-999,0,1,STANDBY,TN_DIRECT,TN_E2,TN_NEAR_RT_RIC,1,0.1,2,2,TN_CONTROLLED_COVERAGE_EXTENSION
28.5,tn-uav,2,7,4,1271.32,1,0,-63.5263,HEALTHY,0,0,-999,-999,0,1,STANDBY,TN_DIRECT,TN_E2,TN_NEAR_RT_RIC,1,0.1,2,2,TN_CONTROLLED_COVERAGE_EXTENSION
30.5,tn-uav,0,5,1,800.196,1,0,-59.5051,HEALTHY,0,0,-999,-999,0,1,STANDBY,TN_DIRECT,TN_E2,TN_NEAR_RT_RIC,1,0.1,2,2,TN_CONTROLLED_COVERAGE_EXTENSION
30.5,tn-uav,1,6,3,1663.21,1,0,-65.8601,HEALTHY,0,0,-999,-999,0,1,STANDBY,TN_DIRECT,TN_E2,TN_NEAR_RT_RIC,1,0.1,2,2,TN_CONTROLLED_COVERAGE_EXTENSION
30.5,tn-uav,2,7,4,1284.15,1,0,-63.6135,HEALTHY,0,0,-999,-999,0,1,STANDBY,TN_DIRECT,TN_E2,TN_NEAR_RT_RIC,1,0.1,2,2,TN_CONTROLLED_COVERAGE_EXTENSION
32.5,tn-uav,0,5,1,790.642,1,0,-59.4008,HEALTHY,0,0,-999,-999,0,1,STANDBY,TN_DIRECT,TN_E2,TN_NEAR_RT_RIC,1,0.1,2,2,TN_CONTROLLED_COVERAGE_EXTENSION
32.5,tn-uav,1,6,3,1644.11,1,0,-65.7598,HEALTHY,0,0,-999,-999,0,1,STANDBY,TN_DIRECT,TN_E2,TN_NEAR_RT_RIC,1,0.1,2,2,TN_CONTROLLED_COVERAGE_EXTENSION
32.5,tn-uav,2,7,4,1301.82,1,0,-63.7322,HEALTHY,0,0,-999,-999,0,1,STANDBY,TN_DIRECT,TN_E2,TN_NEAR_RT_RIC,1,0.1,2,2,TN_CONTROLLED_COVERAGE_EXTENSION
34.5,tn-uav,0,5,1,803.145,1,0,-59.5371,HEALTHY,0,0,-999,-999,0,1,STANDBY,TN_DIRECT,TN_E2,TN_NEAR_RT_RIC,1,0.1,2,2,TN_CONTROLLED_COVERAGE_EXTENSION
34.5,tn-uav,1,6,3,1625.71,1,0,-65.6621,HEALTHY,0,0,-999,-999,0,1,STANDBY,TN_DIRECT,TN_E2,TN_NEAR_RT_RIC,1,0.1,2,2,TN_CONTROLLED_COVERAGE_EXTENSION
34.5,tn-uav,2,7,4,1321.21,1,0,-63.8607,HEALTHY,0,0,-999,-999,0,1,STANDBY,TN_DIRECT,TN_E2,TN_NEAR_RT_RIC,1,0.1,2,2,TN_CONTROLLED_COVERAGE_EXTENSION
36.5,tn-uav,0,5,1,806.899,1,0,-59.5776,HEALTHY,0,0,-999,-999,0,1,STANDBY,TN_DIRECT,TN_E2,TN_NEAR_RT_RIC,1,0.1,2,2,TN_CONTROLLED_COVERAGE_EXTENSION
36.5,tn-uav,1,6,3,1608.4,1,0,-65.5691,HEALTHY,0,0,-999,-999,0,1,STANDBY,TN_DIRECT,TN_E2,TN_NEAR_RT_RIC,1,0.1,2,2,TN_CONTROLLED_COVERAGE_EXTENSION
36.5,tn-uav,2,7,4,1330.21,1,0,-63.9196,HEALTHY,0,0,-999,-999,0,1,STANDBY,TN_DIRECT,TN_E2,TN_NEAR_RT_RIC,1,0.1,2,2,TN_CONTROLLED_COVERAGE_EXTENSION
38.5,tn-uav,0,5,1,806.899,1,0,-59.5776,HEALTHY,0,0,-999,-999,0,1,STANDBY,TN_DIRECT,TN_E2,TN_NEAR_RT_RIC,1,0.1,2,2,TN_CONTROLLED_COVERAGE_EXTENSION
38.5,tn-uav,1,6,3,1590.42,1,0,-65.4714,HEALTHY,0,0,-999,-999,0,1,STANDBY,TN_DIRECT,TN_E2,TN_NEAR_RT_RIC,1,0.1,2,2,TN_CONTROLLED_COVERAGE_EXTENSION
38.5,tn-uav,2,7,4,1325.22,1,0,-63.8869,HEALTHY,0,0,-999,-999,0,1,STANDBY,TN_DIRECT,TN_E2,TN_NEAR_RT_RIC,1,0.1,2,2,TN_CONTROLLED_COVERAGE_EXTENSION
40.5,tn-uav,0,5,1,806.899,1,0,-59.5776,HEALTHY,0,0,-999,-999,0,1,STANDBY,TN_DIRECT,TN_E2,TN_NEAR_RT_RIC,1,0.1,2,2,TN_CONTROLLED_COVERAGE_EXTENSION
40.5,tn-uav,1,6,3,1573.19,1,0,-65.3768,HEALTHY,0,0,-999,-999,0,1,STANDBY,TN_DIRECT,TN_E2,TN_NEAR_RT_RIC,1,0.1,2,2,TN_CONTROLLED_COVERAGE_EXTENSION
40.5,tn-uav,2,7,4,1314.57,1,0,-63.8169,HEALTHY,0,0,-999,-999,0,1,STANDBY,TN_DIRECT,TN_E2,TN_NEAR_RT_RIC,1,0.1,2,2,TN_CONTROLLED_COVERAGE_EXTENSION
42.5,tn-uav,0,5,1,797.668,1,0,-59.4776,HEALTHY,0,0,-999,-999,0,1,STANDBY,TN_DIRECT,TN_E2,TN_NEAR_RT_RIC,1,0.1,2,2,TN_CONTROLLED_COVERAGE_EXTENSION
42.5,tn-uav,1,6,3,1554.75,1,0,-65.2744,HEALTHY,0,0,-999,-999,0,1,STANDBY,TN_DIRECT,TN_E2,TN_NEAR_RT_RIC,1,0.1,2,2,TN_CONTROLLED_COVERAGE_EXTENSION
42.5,tn-uav,2,7,4,1326.33,1,0,-63.8942,HEALTHY,0,0,-999,-999,0,1,STANDBY,TN_DIRECT,TN_E2,TN_NEAR_RT_RIC,1,0.1,2,2,TN_CONTROLLED_COVERAGE_EXTENSION
44.5,tn-uav,0,5,1,799.124,1,0,-59.4935,HEALTHY,0,0,-999,-999,0,1,STANDBY,TN_DIRECT,TN_E2,TN_NEAR_RT_RIC,1,0.1,2,2,TN_CONTROLLED_COVERAGE_EXTENSION
44.5,tn-uav,1,6,3,1544.95,1,0,-65.2195,HEALTHY,0,0,-999,-999,0,1,STANDBY,TN_DIRECT,TN_E2,TN_NEAR_RT_RIC,1,0.1,2,2,TN_CONTROLLED_COVERAGE_EXTENSION
44.5,tn-uav,2,7,4,1329.84,1,0,-63.9172,HEALTHY,0,0,-999,-999,0,1,STANDBY,TN_DIRECT,TN_E2,TN_NEAR_RT_RIC,1,0.1,2,2,TN_CONTROLLED_COVERAGE_EXTENSION
46.5,tn-uav,0,5,1,813.861,1,0,-59.6522,HEALTHY,0,0,-999,-999,0,1,STANDBY,TN_DIRECT,TN_E2,TN_NEAR_RT_RIC,1,0.1,2,2,TN_CONTROLLED_COVERAGE_EXTENSION
46.5,tn-uav,1,6,3,1529.75,1,0,-65.1336,HEALTHY,0,0,-999,-999,0,1,STANDBY,TN_DIRECT,TN_E2,TN_NEAR_RT_RIC,1,0.1,2,2,TN_CONTROLLED_COVERAGE_EXTENSION
46.5,tn-uav,2,7,4,1345.76,1,0,-64.0206,HEALTHY,0,0,-999,-999,0,1,STANDBY,TN_DIRECT,TN_E2,TN_NEAR_RT_RIC,1,0.1,2,2,TN_CONTROLLED_COVERAGE_EXTENSION
48.5,tn-uav,0,5,1,818.775,1,0,-59.7045,HEALTHY,0,0,-999,-999,0,1,STANDBY,TN_DIRECT,TN_E2,TN_NEAR_RT_RIC,1,0.1,2,2,TN_CONTROLLED_COVERAGE_EXTENSION
48.5,tn-uav,1,6,3,1526.34,1,0,-65.1142,HEALTHY,0,0,-999,-999,0,1,STANDBY,TN_DIRECT,TN_E2,TN_NEAR_RT_RIC,1,0.1,2,2,TN_CONTROLLED_COVERAGE_EXTENSION
48.5,tn-uav,2,7,4,1365.61,1,0,-64.1478,HEALTHY,0,0,-999,-999,0,1,STANDBY,TN_DIRECT,TN_E2,TN_NEAR_RT_RIC,1,0.1,2,2,TN_CONTROLLED_COVERAGE_EXTENSION
50.5,tn-uav,0,5,1,819.189,1,0,-59.7089,HEALTHY,0,0,-999,-999,0,1,STANDBY,TN_DIRECT,TN_E2,TN_NEAR_RT_RIC,1,0.1,2,2,TN_CONTROLLED_COVERAGE_EXTENSION
50.5,tn-uav,1,6,3,1514.13,1,0,-65.0445,HEALTHY,0,0,-999,-999,0,1,STANDBY,TN_DIRECT,TN_E2,TN_NEAR_RT_RIC,1,0.1,2,2,TN_CONTROLLED_COVERAGE_EXTENSION
50.5,tn-uav,2,7,4,1385.37,1,0,-64.2725,HEALTHY,0,0,-999,-999,0,1,STANDBY,TN_DIRECT,TN_E2,TN_NEAR_RT_RIC,1,0.1,2,2,TN_CONTROLLED_COVERAGE_EXTENSION
52.5,tn-uav,0,5,1,819.189,1,0,-59.7089,HEALTHY,0,0,-999,-999,0,1,STANDBY,TN_DIRECT,TN_E2,TN_NEAR_RT_RIC,1,0.1,2,2,TN_CONTROLLED_COVERAGE_EXTENSION
52.5,tn-uav,1,6,3,1498.42,1,0,-64.9539,HEALTHY,0,0,-999,-999,0,1,STANDBY,TN_DIRECT,TN_E2,TN_NEAR_RT_RIC,1,0.1,2,2,TN_CONTROLLED_COVERAGE_EXTENSION
52.5,tn-uav,2,7,4,1397.97,1,0,-64.3511,HEALTHY,0,0,-999,-999,0,1,STANDBY,TN_DIRECT,TN_E2,TN_NEAR_RT_RIC,1,0.1,2,2,TN_CONTROLLED_COVERAGE_EXTENSION
54.5,tn-uav,0,5,1,819.775,1,0,-59.7151,HEALTHY,0,0,-999,-999,0,1,STANDBY,TN_DIRECT,TN_E2,TN_NEAR_RT_RIC,1,0.1,2,2,TN_CONTROLLED_COVERAGE_EXTENSION
54.5,tn-uav,1,6,3,1495.26,1,0,-64.9356,HEALTHY,0,0,-999,-999,0,1,STANDBY,TN_DIRECT,TN_E2,TN_NEAR_RT_RIC,1,0.1,2,2,TN_CONTROLLED_COVERAGE_EXTENSION
54.5,tn-uav,2,7,4,1400.15,1,0,-64.3647,HEALTHY,0,0,-999,-999,0,1,STANDBY,TN_DIRECT,TN_E2,TN_NEAR_RT_RIC,1,0.1,2,2,TN_CONTROLLED_COVERAGE_EXTENSION
56.5,tn-uav,0,5,1,821.24,1,0,-59.7306,HEALTHY,0,0,-999,-999,0,1,STANDBY,TN_DIRECT,TN_E2,TN_NEAR_RT_RIC,1,0.1,2,2,TN_CONTROLLED_COVERAGE_EXTENSION
56.5,tn-uav,1,6,3,1495.26,1,0,-64.9356,HEALTHY,0,0,-999,-999,0,1,STANDBY,TN_DIRECT,TN_E2,TN_NEAR_RT_RIC,1,0.1,2,2,TN_CONTROLLED_COVERAGE_EXTENSION
56.5,tn-uav,2,7,4,1412.73,1,0,-64.4424,HEALTHY,0,0,-999,-999,0,1,STANDBY,TN_DIRECT,TN_E2,TN_NEAR_RT_RIC,1,0.1,2,2,TN_CONTROLLED_COVERAGE_EXTENSION
58.5,tn-uav,0,5,1,828.618,1,0,-59.8083,HEALTHY,0,0,-999,-999,0,1,STANDBY,TN_DIRECT,TN_E2,TN_NEAR_RT_RIC,1,0.1,2,2,TN_CONTROLLED_COVERAGE_EXTENSION
58.5,tn-uav,1,6,3,1495.26,1,0,-64.9356,HEALTHY,0,0,-999,-999,0,1,STANDBY,TN_DIRECT,TN_E2,TN_NEAR_RT_RIC,1,0.1,2,2,TN_CONTROLLED_COVERAGE_EXTENSION
58.5,tn-uav,2,7,4,1400.42,1,0,-64.3664,HEALTHY,0,0,-999,-999,0,1,STANDBY,TN_DIRECT,TN_E2,TN_NEAR_RT_RIC,1,0.1,2,2,TN_CONTROLLED_COVERAGE_EXTENSION
60.5,tn-uav,0,5,1,830.41,1,0,-59.8271,HEALTHY,0,0,-999,-999,0,1,STANDBY,TN_DIRECT,TN_E2,TN_NEAR_RT_RIC,1,0.1,2,2,TN_CONTROLLED_COVERAGE_EXTENSION
60.5,tn-uav,1,6,3,1495.26,1,0,-64.9356,HEALTHY,0,0,-999,-999,0,1,STANDBY,TN_DIRECT,TN_E2,TN_NEAR_RT_RIC,1,0.1,2,2,TN_CONTROLLED_COVERAGE_EXTENSION
60.5,tn-uav,2,7,4,1396.56,1,0,-64.3424,HEALTHY,0,0,-999,-999,0,1,STANDBY,TN_DIRECT,TN_E2,TN_NEAR_RT_RIC,1,0.1,2,2,TN_CONTROLLED_COVERAGE_EXTENSION
62.5,tn-uav,0,5,1,830.41,1,0,-59.8271,HEALTHY,0,0,-999,-999,0,1,STANDBY,TN_DIRECT,TN_E2,TN_NEAR_RT_RIC,1,0.1,2,2,TN_CONTROLLED_COVERAGE_EXTENSION
62.5,tn-uav,1,6,3,1483.34,1,0,-64.866,HEALTHY,0,0,-999,-999,0,1,STANDBY,TN_DIRECT,TN_E2,TN_NEAR_RT_RIC,1,0.1,2,2,TN_CONTROLLED_COVERAGE_EXTENSION
62.5,tn-uav,2,7,4,1412.4,1,0,-64.4403,HEALTHY,0,0,-999,-999,0,1,STANDBY,TN_DIRECT,TN_E2,TN_NEAR_RT_RIC,1,0.1,2,2,TN_CONTROLLED_COVERAGE_EXTENSION
64.5,tn-uav,0,5,1,830.41,1,0,-59.8271,HEALTHY,0,0,-999,-999,0,1,STANDBY,TN_DIRECT,TN_E2,TN_NEAR_RT_RIC,1,0.1,2,2,TN_CONTROLLED_COVERAGE_EXTENSION
64.5,tn-uav,1,6,3,1466.57,1,0,-64.7672,HEALTHY,0,0,-999,-999,0,1,STANDBY,TN_DIRECT,TN_E2,TN_NEAR_RT_RIC,1,0.1,2,2,TN_CONTROLLED_COVERAGE_EXTENSION
64.5,tn-uav,2,7,4,1432.24,1,0,-64.5615,HEALTHY,0,0,-999,-999,0,1,STANDBY,TN_DIRECT,TN_E2,TN_NEAR_RT_RIC,1,0.1,2,2,TN_CONTROLLED_COVERAGE_EXTENSION
66.5,tn-uav,0,5,1,830.41,1,0,-59.8271,HEALTHY,0,0,-999,-999,0,1,STANDBY,TN_DIRECT,TN_E2,TN_NEAR_RT_RIC,1,0.1,2,2,TN_CONTROLLED_COVERAGE_EXTENSION
66.5,tn-uav,1,6,3,1451.02,1,0,-64.6747,HEALTHY,0,0,-999,-999,0,1,STANDBY,TN_DIRECT,TN_E2,TN_NEAR_RT_RIC,1,0.1,2,2,TN_CONTROLLED_COVERAGE_EXTENSION
66.5,tn-uav,2,7,4,1451.76,1,0,-64.6791,HEALTHY,0,0,-999,-999,0,1,STANDBY,TN_DIRECT,TN_E2,TN_NEAR_RT_RIC,1,0.1,2,2,TN_CONTROLLED_COVERAGE_EXTENSION
68.5,tn-uav,0,5,1,830.41,1,0,-59.8271,HEALTHY,0,0,-999,-999,0,1,STANDBY,TN_DIRECT,TN_E2,TN_NEAR_RT_RIC,1,0.1,2,2,TN_CONTROLLED_COVERAGE_EXTENSION
68.5,tn-uav,1,6,3,1436.15,1,0,-64.5852,HEALTHY,0,0,-999,-999,0,1,STANDBY,TN_DIRECT,TN_E2,TN_NEAR_RT_RIC,1,0.1,2,2,TN_CONTROLLED_COVERAGE_EXTENSION
68.5,tn-uav,2,7,4,1454.93,1,0,-64.698,HEALTHY,0,0,-999,-999,0,1,STANDBY,TN_DIRECT,TN_E2,TN_NEAR_RT_RIC,1,0.1,2,2,TN_CONTROLLED_COVERAGE_EXTENSION
70.5,tn-uav,0,5,1,830.41,1,0,-59.8271,HEALTHY,0,0,-999,-999,0,1,STANDBY,TN_DIRECT,TN_E2,TN_NEAR_RT_RIC,1,0.1,2,2,TN_CONTROLLED_COVERAGE_EXTENSION
70.5,tn-uav,1,6,3,1433.2,1,0,-64.5673,HEALTHY,0,0,-999,-999,0,1,STANDBY,TN_DIRECT,TN_E2,TN_NEAR_RT_RIC,1,0.1,2,2,TN_CONTROLLED_COVERAGE_EXTENSION
70.5,tn-uav,2,7,4,1446.26,1,0,-64.6461,HEALTHY,0,0,-999,-999,0,1,STANDBY,TN_DIRECT,TN_E2,TN_NEAR_RT_RIC,1,0.1,2,2,TN_CONTROLLED_COVERAGE_EXTENSION
72.5,tn-uav,0,5,1,830.41,1,0,-59.8271,HEALTHY,0,0,-999,-999,0,1,STANDBY,TN_DIRECT,TN_E2,TN_NEAR_RT_RIC,1,0.1,2,2,TN_CONTROLLED_COVERAGE_EXTENSION
72.5,tn-uav,1,6,3,1420.91,1,0,-64.4925,HEALTHY,0,0,-999,-999,0,1,STANDBY,TN_DIRECT,TN_E2,TN_NEAR_RT_RIC,1,0.1,2,2,TN_CONTROLLED_COVERAGE_EXTENSION
72.5,tn-uav,2,7,4,1428.66,1,0,-64.5398,HEALTHY,0,0,-999,-999,0,1,STANDBY,TN_DIRECT,TN_E2,TN_NEAR_RT_RIC,1,0.1,2,2,TN_CONTROLLED_COVERAGE_EXTENSION
74.5,tn-uav,0,5,1,830.41,1,0,-59.8271,HEALTHY,0,0,-999,-999,0,1,STANDBY,TN_DIRECT,TN_E2,TN_NEAR_RT_RIC,1,0.1,2,2,TN_CONTROLLED_COVERAGE_EXTENSION
74.5,tn-uav,1,6,3,1404.29,1,0,-64.3904,HEALTHY,0,0,-999,-999,0,1,STANDBY,TN_DIRECT,TN_E2,TN_NEAR_RT_RIC,1,0.1,2,2,TN_CONTROLLED_COVERAGE_EXTENSION
74.5,tn-uav,2,7,4,1414.75,1,0,-64.4548,HEALTHY,0,0,-999,-999,0,1,STANDBY,TN_DIRECT,TN_E2,TN_NEAR_RT_RIC,1,0.1,2,2,TN_CONTROLLED_COVERAGE_EXTENSION
76.5,tn-uav,0,5,1,830.41,1,0,-59.8271,HEALTHY,0,0,-999,-999,0,1,STANDBY,TN_DIRECT,TN_E2,TN_NEAR_RT_RIC,1,0.1,2,2,TN_CONTROLLED_COVERAGE_EXTENSION
76.5,tn-uav,1,6,3,1394.93,1,0,-64.3323,HEALTHY,0,0,-999,-999,0,1,STANDBY,TN_DIRECT,TN_E2,TN_NEAR_RT_RIC,1,0.1,2,2,TN_CONTROLLED_COVERAGE_EXTENSION
76.5,tn-uav,2,7,4,1412.26,1,0,-64.4395,HEALTHY,0,0,-999,-999,0,1,STANDBY,TN_DIRECT,TN_E2,TN_NEAR_RT_RIC,1,0.1,2,2,TN_CONTROLLED_COVERAGE_EXTENSION
78.5,tn-uav,0,5,1,830.41,1,0,-59.8271,HEALTHY,0,0,-999,-999,0,1,STANDBY,TN_DIRECT,TN_E2,TN_NEAR_RT_RIC,1,0.1,2,2,TN_CONTROLLED_COVERAGE_EXTENSION
78.5,tn-uav,1,6,3,1380.49,1,0,-64.2419,HEALTHY,0,0,-999,-999,0,1,STANDBY,TN_DIRECT,TN_E2,TN_NEAR_RT_RIC,1,0.1,2,2,TN_CONTROLLED_COVERAGE_EXTENSION
78.5,tn-uav,2,7,4,1410.66,1,0,-64.4297,HEALTHY,0,0,-999,-999,0,1,STANDBY,TN_DIRECT,TN_E2,TN_NEAR_RT_RIC,1,0.1,2,2,TN_CONTROLLED_COVERAGE_EXTENSION
80.5,tn-uav,0,5,1,830.41,1,0,-59.8271,HEALTHY,0,0,-999,-999,0,1,STANDBY,TN_DIRECT,TN_E2,TN_NEAR_RT_RIC,1,0.1,2,2,TN_CONTROLLED_COVERAGE_EXTENSION
80.5,tn-uav,1,6,3,1366.66,1,0,-64.1544,HEALTHY,0,0,-999,-999,0,1,STANDBY,TN_DIRECT,TN_E2,TN_NEAR_RT_RIC,1,0.1,2,2,TN_CONTROLLED_COVERAGE_EXTENSION
80.5,tn-uav,2,7,4,1425.13,1,0,-64.5183,HEALTHY,0,0,-999,-999,0,1,STANDBY,TN_DIRECT,TN_E2,TN_NEAR_RT_RIC,1,0.1,2,2,TN_CONTROLLED_COVERAGE_EXTENSION
82.5,tn-uav,0,5,1,833.006,1,0,-59.8542,HEALTHY,0,0,-999,-999,0,1,STANDBY,TN_DIRECT,TN_E2,TN_NEAR_RT_RIC,1,0.1,2,2,TN_CONTROLLED_COVERAGE_EXTENSION
82.5,tn-uav,1,6,3,1350.25,1,0,-64.0495,HEALTHY,0,0,-999,-999,0,1,STANDBY,TN_DIRECT,TN_E2,TN_NEAR_RT_RIC,1,0.1,2,2,TN_CONTROLLED_COVERAGE_EXTENSION
82.5,tn-uav,2,7,4,1437.83,1,0,-64.5954,HEALTHY,0,0,-999,-999,0,1,STANDBY,TN_DIRECT,TN_E2,TN_NEAR_RT_RIC,1,0.1,2,2,TN_CONTROLLED_COVERAGE_EXTENSION
84.5,tn-uav,0,5,1,841.576,1,0,-59.9431,HEALTHY,0,0,-999,-999,0,1,STANDBY,TN_DIRECT,TN_E2,TN_NEAR_RT_RIC,1,0.1,2,2,TN_CONTROLLED_COVERAGE_EXTENSION
84.5,tn-uav,1,6,3,1342.76,1,0,-64.0012,HEALTHY,0,0,-999,-999,0,1,STANDBY,TN_DIRECT,TN_E2,TN_NEAR_RT_RIC,1,0.1,2,2,TN_CONTROLLED_COVERAGE_EXTENSION
84.5,tn-uav,2,7,4,1440.1,1,0,-64.609,HEALTHY,0,0,-999,-999,0,1,STANDBY,TN_DIRECT,TN_E2,TN_NEAR_RT_RIC,1,0.1,2,2,TN_CONTROLLED_COVERAGE_EXTENSION
86.5,tn-uav,0,5,1,842.672,1,0,-59.9544,HEALTHY,0,0,-999,-999,0,1,STANDBY,TN_DIRECT,TN_E2,TN_NEAR_RT_RIC,1,0.1,2,2,TN_CONTROLLED_COVERAGE_EXTENSION
86.5,tn-uav,1,6,3,1341.77,1,0,-63.9948,HEALTHY,0,0,-999,-999,0,1,STANDBY,TN_DIRECT,TN_E2,TN_NEAR_RT_RIC,1,0.1,2,2,TN_CONTROLLED_COVERAGE_EXTENSION
86.5,tn-uav,2,7,4,1440.1,1,0,-64.609,HEALTHY,0,0,-999,-999,0,1,STANDBY,TN_DIRECT,TN_E2,TN_NEAR_RT_RIC,1,0.1,2,2,TN_CONTROLLED_COVERAGE_EXTENSION
88.5,tn-uav,0,5,1,834.988,1,0,-59.8748,HEALTHY,0,0,-999,-999,0,1,STANDBY,TN_DIRECT,TN_E2,TN_NEAR_RT_RIC,1,0.1,2,2,TN_CONTROLLED_COVERAGE_EXTENSION
88.5,tn-uav,1,6,3,1341.77,1,0,-63.9948,HEALTHY,0,0,-999,-999,0,1,STANDBY,TN_DIRECT,TN_E2,TN_NEAR_RT_RIC,1,0.1,2,2,TN_CONTROLLED_COVERAGE_EXTENSION
88.5,tn-uav,2,7,4,1440.1,1,0,-64.609,HEALTHY,0,0,-999,-999,0,1,STANDBY,TN_DIRECT,TN_E2,TN_NEAR_RT_RIC,1,0.1,2,2,TN_CONTROLLED_COVERAGE_EXTENSION
90.5,tn-uav,0,5,1,838.193,1,0,-59.9081,HEALTHY,0,0,-999,-999,0,1,STANDBY,TN_DIRECT,TN_E2,TN_NEAR_RT_RIC,1,0.1,2,2,TN_CONTROLLED_COVERAGE_EXTENSION
90.5,tn-uav,1,6,3,1338.02,1,0,-63.9704,HEALTHY,0,0,-999,-999,0,1,STANDBY,TN_DIRECT,TN_E2,TN_NEAR_RT_RIC,1,0.1,2,2,TN_CONTROLLED_COVERAGE_EXTENSION
90.5,tn-uav,2,7,4,1440.1,1,0,-64.609,HEALTHY,0,0,-999,-999,0,1,STANDBY,TN_DIRECT,TN_E2,TN_NEAR_RT_RIC,1,0.1,2,2,TN_CONTROLLED_COVERAGE_EXTENSION
92.5,tn-uav,0,5,1,843.12,1,0,-59.959,HEALTHY,0,0,-999,-999,0,1,STANDBY,TN_DIRECT,TN_E2,TN_NEAR_RT_RIC,1,0.1,2,2,TN_CONTROLLED_COVERAGE_EXTENSION
92.5,tn-uav,1,6,3,1333.7,1,0,-63.9423,HEALTHY,0,0,-999,-999,0,1,STANDBY,TN_DIRECT,TN_E2,TN_NEAR_RT_RIC,1,0.1,2,2,TN_CONTROLLED_COVERAGE_EXTENSION
92.5,tn-uav,2,7,4,1440.1,1,0,-64.609,HEALTHY,0,0,-999,-999,0,1,STANDBY,TN_DIRECT,TN_E2,TN_NEAR_RT_RIC,1,0.1,2,2,TN_CONTROLLED_COVERAGE_EXTENSION
94.5,tn-uav,0,5,1,849.566,1,0,-60.0251,HEALTHY,0,0,-999,-999,0,1,STANDBY,TN_DIRECT,TN_E2,TN_NEAR_RT_RIC,1,0.1,2,2,TN_CONTROLLED_COVERAGE_EXTENSION
94.5,tn-uav,1,6,3,1331.75,1,0,-63.9296,HEALTHY,0,0,-999,-999,0,1,STANDBY,TN_DIRECT,TN_E2,TN_NEAR_RT_RIC,1,0.1,2,2,TN_CONTROLLED_COVERAGE_EXTENSION
94.5,tn-uav,2,7,4,1424.94,1,0,-64.5171,HEALTHY,0,0,-999,-999,0,1,STANDBY,TN_DIRECT,TN_E2,TN_NEAR_RT_RIC,1,0.1,2,2,TN_CONTROLLED_COVERAGE_EXTENSION
96.5,tn-uav,0,5,1,859.168,1,0,-60.1228,HEALTHY,0,0,-999,-999,0,1,STANDBY,TN_DIRECT,TN_E2,TN_NEAR_RT_RIC,1,0.1,2,2,TN_CONTROLLED_COVERAGE_EXTENSION
96.5,tn-uav,1,6,3,1330.66,1,0,-63.9225,HEALTHY,0,0,-999,-999,0,1,STANDBY,TN_DIRECT,TN_E2,TN_NEAR_RT_RIC,1,0.1,2,2,TN_CONTROLLED_COVERAGE_EXTENSION
96.5,tn-uav,2,7,4,1407.22,1,0,-64.4084,HEALTHY,0,0,-999,-999,0,1,STANDBY,TN_DIRECT,TN_E2,TN_NEAR_RT_RIC,1,0.1,2,2,TN_CONTROLLED_COVERAGE_EXTENSION
98.5,tn-uav,0,5,1,868.602,1,0,-60.2176,HEALTHY,0,0,-999,-999,0,1,STANDBY,TN_DIRECT,TN_E2,TN_NEAR_RT_RIC,1,0.1,2,2,TN_CONTROLLED_COVERAGE_EXTENSION
98.5,tn-uav,1,6,3,1330.48,1,0,-63.9214,HEALTHY,0,0,-999,-999,0,1,STANDBY,TN_DIRECT,TN_E2,TN_NEAR_RT_RIC,1,0.1,2,2,TN_CONTROLLED_COVERAGE_EXTENSION
98.5,tn-uav,2,7,4,1387.87,1,0,-64.2882,HEALTHY,0,0,-999,-999,0,1,STANDBY,TN_DIRECT,TN_E2,TN_NEAR_RT_RIC,1,0.1,2,2,TN_CONTROLLED_COVERAGE_EXTENSION
100.5,tn-uav,0,5,1,873.373,1,0,-60.2652,HEALTHY,0,0,-999,-999,0,1,STANDBY,TN_DIRECT,TN_E2,TN_NEAR_RT_RIC,1,0.1,2,2,TN_CONTROLLED_COVERAGE_EXTENSION
100.5,tn-uav,1,6,3,1330.48,1,0,-63.9214,HEALTHY,0,0,-999,-999,0,1,STANDBY,TN_DIRECT,TN_E2,TN_NEAR_RT_RIC,1,0.1,2,2,TN_CONTROLLED_COVERAGE_EXTENSION
100.5,tn-uav,2,7,4,1397.92,1,0,-64.3508,HEALTHY,0,0,-999,-999,0,1,STANDBY,TN_DIRECT,TN_E2,TN_NEAR_RT_RIC,1,0.1,2,2,TN_CONTROLLED_COVERAGE_EXTENSION
102.5,tn-uav,0,5,1,880.654,1,0,-60.3373,HEALTHY,0,0,-999,-999,0,1,STANDBY,TN_DIRECT,TN_E2,TN_NEAR_RT_RIC,1,0.1,2,2,TN_CONTROLLED_COVERAGE_EXTENSION
102.5,tn-uav,1,6,3,1330.48,1,0,-63.9214,HEALTHY,0,0,-999,-999,0,1,STANDBY,TN_DIRECT,TN_E2,TN_NEAR_RT_RIC,1,0.1,2,2,TN_CONTROLLED_COVERAGE_EXTENSION
102.5,tn-uav,2,7,4,1390.05,1,0,-64.3018,HEALTHY,0,0,-999,-999,0,1,STANDBY,TN_DIRECT,TN_E2,TN_NEAR_RT_RIC,1,0.1,2,2,TN_CONTROLLED_COVERAGE_EXTENSION
104.5,tn-uav,0,5,1,869.586,1,0,-60.2274,HEALTHY,0,0,-999,-999,0,1,STANDBY,TN_DIRECT,TN_E2,TN_NEAR_RT_RIC,1,0.1,2,2,TN_CONTROLLED_COVERAGE_EXTENSION
104.5,tn-uav,1,6,3,1317.07,1,0,-63.8334,HEALTHY,0,0,-999,-999,0,1,STANDBY,TN_DIRECT,TN_E2,TN_NEAR_RT_RIC,1,0.1,2,2,TN_CONTROLLED_COVERAGE_EXTENSION
104.5,tn-uav,2,7,4,1373.03,1,0,-64.1948,HEALTHY,0,0,-999,-999,0,1,STANDBY,TN_DIRECT,TN_E2,TN_NEAR_RT_RIC,1,0.1,2,2,TN_CONTROLLED_COVERAGE_EXTENSION
106.5,tn-uav,0,5,1,872.107,1,0,-60.2526,HEALTHY,0,0,-999,-999,0,1,STANDBY,TN_DIRECT,TN_E2,TN_NEAR_RT_RIC,1,0.1,2,2,TN_CONTROLLED_COVERAGE_EXTENSION
106.5,tn-uav,1,6,3,1311.21,1,0,-63.7946,HEALTHY,0,0,-999,-999,0,1,STANDBY,TN_DIRECT,TN_E2,TN_NEAR_RT_RIC,1,0.1,2,2,TN_CONTROLLED_COVERAGE_EXTENSION
106.5,tn-uav,2,7,4,1369.49,1,0,-64.1724,HEALTHY,0,0,-999,-999,0,1,STANDBY,TN_DIRECT,TN_E2,TN_NEAR_RT_RIC,1,0.1,2,2,TN_CONTROLLED_COVERAGE_EXTENSION
108.5,tn-uav,0,5,1,882.516,1,0,-60.3556,HEALTHY,0,0,-999,-999,0,1,STANDBY,TN_DIRECT,TN_E2,TN_NEAR_RT_RIC,1,0.1,2,2,TN_CONTROLLED_COVERAGE_EXTENSION
108.5,tn-uav,1,6,3,1307.98,1,0,-63.7732,HEALTHY,0,0,-999,-999,0,1,STANDBY,TN_DIRECT,TN_E2,TN_NEAR_RT_RIC,1,0.1,2,2,TN_CONTROLLED_COVERAGE_EXTENSION
108.5,tn-uav,2,7,4,1369.49,1,0,-64.1724,HEALTHY,0,0,-999,-999,0,1,STANDBY,TN_DIRECT,TN_E2,TN_NEAR_RT_RIC,1,0.1,2,2,TN_CONTROLLED_COVERAGE_EXTENSION
110.5,tn-uav,0,5,1,893.626,1,0,-60.4643,HEALTHY,0,0,-999,-999,0,1,STANDBY,TN_DIRECT,TN_E2,TN_NEAR_RT_RIC,1,0.1,2,2,TN_CONTROLLED_COVERAGE_EXTENSION
110.5,tn-uav,1,6,3,1306.86,1,0,-63.7658,HEALTHY,0,0,-999,-999,0,1,STANDBY,TN_DIRECT,TN_E2,TN_NEAR_RT_RIC,1,0.1,2,2,TN_CONTROLLED_COVERAGE_EXTENSION
110.5,tn-uav,2,7,4,1353.64,1,0,-64.0712,HEALTHY,0,0,-999,-999,0,1,STANDBY,TN_DIRECT,TN_E2,TN_NEAR_RT_RIC,1,0.1,2,2,TN_CONTROLLED_COVERAGE_EXTENSION
112.5,tn-uav,0,5,1,910.671,1,0,-60.6284,HEALTHY,0,0,-999,-999,0,1,STANDBY,TN_DIRECT,TN_E2,TN_NEAR_RT_RIC,1,0.1,2,2,TN_CONTROLLED_COVERAGE_EXTENSION
112.5,tn-uav,1,6,3,1305.57,1,0,-63.7572,HEALTHY,0,0,-999,-999,0,1,STANDBY,TN_DIRECT,TN_E2,TN_NEAR_RT_RIC,1,0.1,2,2,TN_CONTROLLED_COVERAGE_EXTENSION
112.5,tn-uav,2,7,4,1352.79,1,0,-64.0658,HEALTHY,0,0,-999,-999,0,1,STANDBY,TN_DIRECT,TN_E2,TN_NEAR_RT_RIC,1,0.1,2,2,TN_CONTROLLED_COVERAGE_EXTENSION
114.5,tn-uav,0,5,1,925.962,1,0,-60.7731,HEALTHY,0,0,-999,-999,0,1,STANDBY,TN_DIRECT,TN_E2,TN_NEAR_RT_RIC,1,0.1,2,2,TN_CONTROLLED_COVERAGE_EXTENSION
114.5,tn-uav,1,6,3,1305.3,1,0,-63.7554,HEALTHY,0,0,-999,-999,0,1,STANDBY,TN_DIRECT,TN_E2,TN_NEAR_RT_RIC,1,0.1,2,2,TN_CONTROLLED_COVERAGE_EXTENSION
114.5,tn-uav,2,7,4,1354.97,1,0,-64.0798,HEALTHY,0,0,-999,-999,0,1,STANDBY,TN_DIRECT,TN_E2,TN_NEAR_RT_RIC,1,0.1,2,2,TN_CONTROLLED_COVERAGE_EXTENSION
116.5,tn-uav,0,5,1,941.873,1,0,-60.921,HEALTHY,0,0,-999,-999,0,1,STANDBY,TN_DIRECT,TN_E2,TN_NEAR_RT_RIC,1,0.1,2,2,TN_CONTROLLED_COVERAGE_EXTENSION
116.5,tn-uav,1,6,3,1305.3,1,0,-63.7554,HEALTHY,0,0,-999,-999,0,1,STANDBY,TN_DIRECT,TN_E2,TN_NEAR_RT_RIC,1,0.1,2,2,TN_CONTROLLED_COVERAGE_EXTENSION
116.5,tn-uav,2,7,4,1360.27,1,0,-64.1137,HEALTHY,0,0,-999,-999,0,1,STANDBY,TN_DIRECT,TN_E2,TN_NEAR_RT_RIC,1,0.1,2,2,TN_CONTROLLED_COVERAGE_EXTENSION
118.5,tn-uav,0,5,1,940.07,1,0,-60.9044,HEALTHY,0,0,-999,-999,0,1,STANDBY,TN_DIRECT,TN_E2,TN_NEAR_RT_RIC,1,0.1,2,2,TN_CONTROLLED_COVERAGE_EXTENSION
118.5,tn-uav,1,6,3,1305.3,1,0,-63.7554,HEALTHY,0,0,-999,-999,0,1,STANDBY,TN_DIRECT,TN_E2,TN_NEAR_RT_RIC,1,0.1,2,2,TN_CONTROLLED_COVERAGE_EXTENSION
118.5,tn-uav,2,7,4,1361.52,1,0,-64.1217,HEALTHY,0,0,-999,-999,0,1,STANDBY,TN_DIRECT,TN_E2,TN_NEAR_RT_RIC,1,0.1,2,2,TN_CONTROLLED_COVERAGE_EXTENSION
