time,ueId,rnti,servingCell,servingRsrp,candidateCell,candidateRsrp,candidateLoad,candidateEffLoad,candidateCap,candidateIsNtn,backhaulDlSnr,backhaulUlSnr,finalChosenCell
6.5,12,8,3,-97.9941,4,-125.078,2,2,20,0,-999,-999,0
6.5,12,8,3,-97.9941,1,-140.109,1,1,20,0,-999,-999,0
6.5,12,8,3,-97.9941,2,-147.741,0,0,20,0,-999,-999,0
6.5,27,8,1,-111.891,2,-108.061,0,0,20,0,-999,-999,0
6.5,27,8,1,-111.891,4,-125.082,2,2,20,0,-999,-999,0
6.5,27,8,1,-111.891,3,-141.097,2,2,20,0,-999,-999,0
6.5,30,8,4,-63.4828,1,-125.295,1,1,20,0,-999,-999,0
6.5,30,8,4,-63.4828,3,-130.324,2,2,20,0,-999,-999,0
6.5,30,8,4,-63.4828,2,-134.934,0,0,20,0,-999,-999,0
6.5,34,16,3,-120.885,4,-85.803,2,2,20,0,-999,-999,0
6.5,34,16,3,-120.885,1,-130.541,1,1,20,0,-999,-999,0
6.5,34,16,3,-120.885,2,-145.992,0,0,20,0,-999,-999,0
6.5,48,16,4,-95.7576,1,-126.169,1,1,20,0,-999,-999,0
6.5,48,16,4,-95.7576,3,-127.316,2,2,20,0,-999,-999,0
6.5,48,16,4,-95.7576,2,-133.344,0,0,20,0,-999,-999,0
8.5,12,8,3,-104.461,4,-87.9332,3,3,20,0,-999,-999,0
8.5,12,8,3,-104.461,1,-137.881,1,1,20,0,-999,-999,0
8.5,12,8,3,-104.461,2,-152.134,1,1,20,0,-999,-999,0
8.5,27,8,1,-111.219,2,-78.6106,1,1,20,0,-999,-999,2
8.5,27,8,1,-111.219,3,-113.094,3,3,20,0,-999,-999,2
8.5,27,8,1,-111.219,4,-129.716,3,3,20,0,-999,-999,2
8.5,30,8,4,-87.0284,3,-95.4317,3,3,20,0,-999,-999,0
8.5,30,8,4,-87.0284,1,-124.911,1,1,20,0,-999,-999,0
8.5,30,8,4,-87.0284,2,-136.277,1,2,20,0,-999,-999,0
8.5,34,16,3,-113.324,4,-84.7336,3,3,20,0,-999,-999,4
8.5,34,16,3,-113.324,1,-125.726,1,1,20,0,-999,-999,4
8.5,34,16,3,-113.324,2,-140.479,1,2,20,0,-999,-999,4
8.5,48,16,4,-71.3202,3,-123.733,3,3,20,0,-999,-999,0
8.5,48,16,4,-71.3202,1,-128.506,1,1,20,0,-999,-999,0
8.5,48,16,4,-71.3202,2,-135.968,1,2,20,0,-999,-999,0
10.5,5,24,3,-123.355,4,-99.9366,5,5,20,0,-999,-999,0
10.5,5,24,3,-123.355,1,-102.62,2,2,20,0,-999,-999,0
10.5,5,24,3,-123.355,2,-121.734,4,4,20,0,-999,-999,0
10.5,11,8,2,-112.918,1,-94.8365,2,2,20,0,-999,-999,0
10.5,11,8,2,-112.918,3,-96.9978,2,2,20,0,-999,-999,0
10.5,11,8,2,-112.918,4,-127.474,5,5,20,0,-999,-999,0
10.5,12,8,3,-70.7836,4,-83.5125,5,5,20,0,-999,-999,0
10.5,12,8,3,-70.7836,1,-114.478,2,2,20,0,-999,-999,0
10.5,12,8,3,-70.7836,2,-149.902,4,4,20,0,-999,-999,0
10.5,27,9,2,-69.9335,1,-112.294,2,2,20,0,-999,-999,0
10.5,27,9,2,-69.9335,4,-115.635,5,5,20,0,-999,-999,0
10.5,27,9,2,-69.9335,3,-134.92,2,2,20,0,-999,-999,0
10.5,30,8,4,-59.0197,3,-90.6669,2,2,20,0,-999,-999,0
10.5,30,8,4,-59.0197,2,-112.635,4,4,20,0,-999,-999,0
10.5,30,8,4,-59.0197,1,-119.061,2,2,20,0,-999,-999,0
10.5,31,24,4,-105.642,2,-97.081,4,4,20,0,-999,-999,0
10.5,31,24,4,-105.642,1,-114.989,2,2,20,0,-999,-999,0
10.5,31,24,4,-105.642,3,-120.716,2,2,20,0,-999,-999,0
10.5,34,25,4,-113.938,3,-123.824,2,2,20,0,-999,-999,0
10.5,34,25,4,-113.938,2,-130.919,4,4,20,0,-999,-999,0
10.5,34,25,4,-113.938,1,-147.22,2,2,20,0,-999,-999,0
10.5,48,16,4,-98.3991,3,-125.828,2,2,20,0,-999,-999,0
10.5,48,16,4,-98.3991,2,-132.199,4,4,20,0,-999,-999,0
10.5,48,16,4,-98.3991,1,-136.566,2,2,20,0,-999,-999,0
10.5,76,16,1,-103.259,2,-107.189,4,4,20,0,-999,-999,0
10.5,76,16,1,-103.259,3,-129.245,2,2,20,0,-999,-999,0
10.5,76,16,1,-103.259,4,-136.587,5,5,20,0,-999,-999,0
12.5,5,24,3,-112.345,1,-92.0983,3,3,20,0,-999,-999,0
12.5,5,24,3,-112.345,2,-109.723,4,4,20,0,-999,-999,0
12.5,5,24,3,-112.345,4,-124.733,5,5,20,0,-999,-999,0
12.5,6,24,1,-116.09,2,-94.3464,4,4,20,0,-999,-999,0
12.5,6,24,1,-116.09,4,-128.887,5,5,20,0,-999,-999,0
12.5,6,24,1,-116.09,3,-143.931,3,3,20,0,-999,-999,0
12.5,11,8,2,-87.3311,1,-116.542,3,3,20,0,-999,-999,0
12.5,11,8,2,-87.3311,4,-121.056,5,5,20,0,-999,-999,0
12.5,11,8,2,-87.3311,3,-125.702,3,3,20,0,-999,-999,0
12.5,12,8,3,-101.753,4,-123.784,5,5,20,0,-999,-999,0
12.5,12,8,3,-101.753,2,-132.072,4,4,20,0,-999,-999,0
12.5,12,8,3,-101.753,1,-137.243,3,3,20,0,-999,-999,0
12.5,14,24,2,-119.92,1,-120.855,3,3,20,0,-999,-999,0
12.5,14,24,2,-119.92,3,-123.884,3,3,20,0,-999,-999,0
12.5,14,24,2,-119.92,4,-129.688,5,5,20,0,-999,-999,0
12.5,19,25,2,-113.836,1,-115.519,3,3,20,0,-999,-999,0
12.5,19,25,2,-113.836,3,-123.686,3,3,20,0,-999,-999,0
12.5,19,25,2,-113.836,4,-124.558,5,5,20,0,-999,-999,0
12.5,27,9,2,-80.102,1,-74.3353,3,3,20,0,-999,-999,0
12.5,27,9,2,-80.102,4,-127.737,5,5,20,0,-999,-999,0
12.5,27,9,2,-80.102,3,-130.665,3,3,20,0,-999,-999,0
12.5,30,8,4,-67.5838,2,-117.624,4,4,20,0,-999,-999,0
12.5,30,8,4,-67.5838,1,-123.206,3,3,20,0,-999,-999,0
12.5,30,8,4,-67.5838,3,-127.943,3,3,20,0,-999,-999,0
12.5,31,24,4,-108.96,1,-105.033,3,3,20,0,-999,-999,0
12.5,31,24,4,-108.96,3,-122.306,3,3,20,0,-999,-999,0
12.5,31,24,4,-108.96,2,-128.497,4,4,20,0,-999,-999,0
12.5,34,25,4,-113.174,3,-81.5435,3,3,20,0,-999,-999,0
12.5,34,25,4,-113.174,2,-131.565,4,4,20,0,-999,-999,0
12.5,34,25,4,-113.174,1,-146.038,3,3,20,0,-999,-999,0
12.5,46,33,4,-111.469,1,-105.935,3,3,20,0,-999,-999,0
12.5,46,33,4,-111.469,3,-126.993,3,3,20,0,-999,-999,0
12.5,46,33,4,-111.469,2,-131.281,4,4,20,0,-999,-999,0
12.5,48,16,4,-102.572,2,-119.939,4,4,20,0,-999,-999,0
12.5,48,16,4,-102.572,3,-122.985,3,3,20,0,-999,-999,0
12.5,48,16,4,-102.572,1,-129.656,3,3,20,0,-999,-999,0
12.5,76,16,1,-104.156,2,-94.1049,4,4,20,0,-999,-999,0
12.5,76,16,1,-104.156,3,-101.412,3,3,20,0,-999,-999,0
12.5,76,16,1,-104.156,4,-134.07,5,5,20,0,-999,-999,0
14.5,5,24,3,-129.46,2,-110.033,4,4,20,0,-999,-999,0
14.5,5,24,3,-129.46,4,-117.58,5,5,20,0,-999,-999,0
14.5,5,24,3,-129.46,1,-119.853,3,3,20,0,-999,-999,0
14.5,6,24,1,-121.776,2,-116.421,4,4,20,0,-999,-999,2
14.5,6,24,1,-121.776,4,-118.732,5,5,20,0,-999,-999,2
14.5,6,24,1,-121.776,3,-144.388,3,3,20,0,-999,-999,2
14.5,11,8,2,-102.237,1,-79.274,3,3,20,0,-999,-999,0
14.5,11,8,2,-102.237,3,-95.4825,3,3,20,0,-999,-999,0
14.5,11,8,2,-102.237,4,-121.842,5,5,20,0,-999,-999,0
14.5,12,8,3,-72.0961,4,-91.2032,5,5,20,0,-999,-999,0
14.5,12,8,3,-72.0961,1,-145.444,3,3,20,0,-999,-999,0
14.5,12,8,3,-72.0961,2,-149.02,4,5,20,0,-999,-999,0
14.5,14,24,2,-93.537,4,-93.4883,5,5,20,0,-999,-999,0
14.5,14,24,2,-93.537,1,-118.932,3,3,20,0,-999,-999,0
14.5,14,24,2,-93.537,3,-122.764,3,3,20,0,-999,-999,0
14.5,19,25,2,-115.276,1,-83.9096,3,3,20,0,-999,-999,0
14.5,19,25,2,-115.276,3,-126.452,3,3,20,0,-999,-999,0
14.5,19,25,2,-115.276,4,-128.273,5,5,20,0,-999,-999,0
14.5,27,9,2,-91.8007,1,-113.528,3,3,20,0,-999,-999,0
14.5,27,9,2,-91.8007,4,-127.54,5,5,20,0,-999,-999,0
14.5,27,9,2,-91.8007,3,-139.547,3,3,20,0,-999,-999,0
14.5,30,8,4,-71.743,3,-90.6081,3,3,20,0,-999,-999,0
14.5,30,8,4,-71.743,1,-123.434,3,3,20,0,-999,-999,0
14.5,30,8,4,-71.743,2,-131.249,4,5,20,0,-999,-999,0
14.5,31,24,4,-100.22,2,-111.892,4,5,20,0,-999,-999,0
14.5,31,24,4,-100.22,1,-123.771,3,3,20,0,-999,-999,0
14.5,31,24,4,-100.22,3,-136.167,3,3,20,0,-999,-999,0
14.5,34,25,4,-115.549,3,-105.068,3,3,20,0,-999,-999,3
14.5,34,25,4,-115.549,2,-131.932,4,5,20,0,-999,-999,3
14.5,34,25,4,-115.549,1,-148.485,3,3,20,0,-999,-999,3
14.5,46,33,4,-106.057,3,-126.015,3,4,20,0,-999,-999,0
14.5,46,33,4,-106.057,2,-128.832,4,5,20,0,-999,-999,0
14.5,46,33,4,-106.057,1,-129.253,3,3,20,0,-999,-999,0
14.5,48,16,4,-103.125,3,-116.548,3,4,20,0,-999,-999,0
14.5,48,16,4,-103.125,2,-129.177,4,5,20,0,-999,-999,0
14.5,48,16,4,-103.125,1,-138.094,3,3,20,0,-999,-999,0
14.5,57,32,3,-115.105,1,-116.579,3,3,20,0,-999,-999,0
14.5,57,32,3,-115.105,4,-120.286,5,5,20,0,-999,-999,0
14.5,57,32,3,-115.105,2,-123.589,4,5,20,0,-999,-999,0
14.5,75,32,1,-115.192,2,-115.219,4,5,20,0,-999,-999,0
14.5,75,32,1,-115.192,4,-128.105,5,5,20,0,-999,-999,0
14.5,75,32,1,-115.192,3,-139.71,3,4,20,0,-999,-999,0
14.5,76,16,1,-106.941,2,-112.139,4,5,20,0,-999,-999,0
14.5,76,16,1,-106.941,3,-131.049,3,4,20,0,-999,-999,0
14.5,76,16,1,-106.941,4,-135.715,5,5,20,0,-999,-999,0
16.5,5,24,3,-109.048,4,-93.2855,5,5,20,0,-999,-999,0
16.5,5,24,3,-109.048,2,-113.259,5,5,20,0,-999,-999,0
16.5,5,24,3,-109.048,1,-124.221,3,3,20,0,-999,-999,0
16.5,6,26,2,-116.407,4,-104.42,5,5,20,0,-999,-999,0
16.5,6,26,2,-116.407,1,-116.072,3,3,20,0,-999,-999,0
16.5,6,26,2,-116.407,3,-135.553,4,4,20,0,-999,-999,0
16.5,11,8,2,-115.433,3,-94.9087,4,4,20,0,-999,-999,0
16.5,11,8,2,-115.433,1,-115.724,3,3,20,0,-999,-999,0
16.5,11,8,2,-115.433,4,-119.583,5,5,20,0,-999,-999,0
16.5,12,8,3,-65.1013,4,-90.1567,5,5,20,0,-999,-999,0
16.5,12,8,3,-65.1013,1,-135.744,3,3,20,0,-999,-999,0
16.5,12,8,3,-65.1013,2,-142.594,5,5,20,0,-999,-999,0
16.5,14,24,2,-120.067,4,-91.9747,5,5,20,0,-999,-999,0
16.5,14,24,2,-120.067,3,-119.318,4,4,20,0,-999,-999,0
16.5,14,24,2,-120.067,1,-119.536,3,3,20,0,-999,-999,0
16.5,19,25,2,-76.0685,4,-115.274,5,5,20,0,-999,-999,0
16.5,19,25,2,-76.0685,1,-122.866,3,3,20,0,-999,-999,0
16.5,19,25,2,-76.0685,3,-131.222,4,4,20,0,-999,-999,0
16.5,27,9,2,-104.118,1,-74.3766,3,3,20,0,-999,-999,0
16.5,27,9,2,-104.118,3,-115.567,4,4,20,0,-999,-999,0
16.5,27,9,2,-104.118,4,-127.549,5,5,20,0,-999,-999,0
16.5,30,8,4,-96.1982,1,-122.903,3,3,20,0,-999,-999,0
16.5,30,8,4,-96.1982,3,-130.487,4,4,20,0,-999,-999,0
16.5,30,8,4,-96.1982,2,-134.314,5,5,20,0,-999,-999,0
16.5,31,24,4,-80.8935,2,-97.3641,5,5,20,0,-999,-999,0
16.5,31,24,4,-80.8935,1,-108.763,3,3,20,0,-999,-999,0
16.5,31,24,4,-80.8935,3,-135.564,4,4,20,0,-999,-999,0
16.5,34,33,3,-118.838,4,-112.878,5,5,20,0,-999,-999,0
16.5,34,33,3,-118.838,2,-135.6,5,5,20,0,-999,-999,0
16.5,34,33,3,-118.838,1,-137.636,3,3,20,0,-999,-999,0
16.5,46,33,4,-71.3555,3,-123.945,4,4,20,0,-999,-999,0
16.5,46,33,4,-71.3555,1,-131.173,3,3,20,0,-999,-999,0
16.5,46,33,4,-71.3555,2,-133.524,5,5,20,0,-999,-999,0
16.5,48,16,4,-100.337,1,-106.805,3,3,20,0,-999,-999,0
16.5,48,16,4,-100.337,2,-128.855,5,5,20,0,-999,-999,0
16.5,48,16,4,-100.337,3,-130.873,4,4,20,0,-999,-999,0
16.5,57,32,3,-94.0016,1,-116.1,3,3,20,0,-999,-999,0
16.5,57,32,3,-94.0016,4,-120.855,5,5,20,0,-999,-999,0
16.5,57,32,3,-94.0016,2,-123.18,5,5,20,0,-999,-999,0
16.5,75,32,1,-106.942,2,-111.137,5,5,20,0,-999,-999,0
16.5,75,32,1,-106.942,4,-130.761,5,5,20,0,-999,-999,0
16.5,75,32,1,-106.942,3,-135.659,4,4,20,0,-999,-999,0
16.5,76,16,1,-107.036,2,-108.838,5,5,20,0,-999,-999,0
16.5,76,16,1,-107.036,3,-133.391,4,4,20,0,-999,-999,0
16.5,76,16,1,-107.036,4,-133.75,5,5,20,0,-999,-999,0
18.5,5,24,3,-117.587,1,-92.1463,3,3,20,0,-999,-999,0
18.5,5,24,3,-117.587,4,-119.088,6,6,20,0,-999,-999,0
18.5,5,24,3,-117.587,2,-121.728,5,5,20,0,-999,-999,0
18.5,6,26,2,-101.651,4,-104.996,6,6,20,0,-999,-999,0
18.5,6,26,2,-101.651,1,-114.971,3,3,20,0,-999,-999,0
18.5,6,26,2,-101.651,3,-140.592,5,5,20,0,-999,-999,0
18.5,11,8,2,-111.265,1,-117.214,3,3,20,0,-999,-999,0
18.5,11,8,2,-111.265,3,-122.626,5,5,20,0,-999,-999,0
18.5,11,8,2,-111.265,4,-128.131,6,6,20,0,-999,-999,0
18.5,12,8,3,-96.4637,1,-101.752,3,3,20,0,-999,-999,0
18.5,12,8,3,-96.4637,4,-125.237,6,6,20,0,-999,-999,0
18.5,12,8,3,-96.4637,2,-151.149,5,5,20,0,-999,-999,0
18.5,14,24,2,-120.441,1,-90.2513,3,3,20,0,-999,-999,0
18.5,14,24,2,-120.441,3,-122.719,5,5,20,0,-999,-999,0
18.5,14,24,2,-120.441,4,-128.118,6,6,20,0,-999,-999,0
18.5,19,25,2,-116.31,3,-116.336,5,5,20,0,-999,-999,0
18.5,19,25,2,-116.31,1,-120.228,3,3,20,0,-999,-999,0
18.5,19,25,2,-116.31,4,-126.927,6,6,20,0,-999,-999,0
18.5,27,9,2,-75.6855,1,-109.07,3,3,20,0,-999,-999,0
18.5,27,9,2,-75.6855,4,-114.716,6,6,20,0,-999,-999,0
18.5,27,9,2,-75.6855,3,-137.552,5,5,20,0,-999,-999,0
18.5,30,8,4,-96.998,1,-125.311,3,3,20,0,-999,-999,0
18.5,30,8,4,-96.998,2,-129.77,5,5,20,0,-999,-999,0
18.5,30,8,4,-96.998,3,-130.075,5,5,20,0,-999,-999,0
18.5,31,24,4,-109.699,1,-124.402,3,3,20,0,-999,-999,0
18.5,31,24,4,-109.699,2,-125.244,5,5,20,0,-999,-999,0
18.5,31,24,4,-109.699,3,-137.492,5,5,20,0,-999,-999,0
18.5,34,33,3,-115.715,4,-91.8051,6,6,20,0,-999,-999,4
18.5,34,33,3,-115.715,2,-119.509,5,5,20,0,-999,-999,4
18.5,34,33,3,-115.715,1,-141.107,3,3,20,0,-999,-999,4
18.5,46,33,4,-74.0044,2,-111.995,5,5,20,0,-999,-999,0
18.5,46,33,4,-74.0044,3,-121.761,5,5,20,0,-999,-999,0
18.5,46,33,4,-74.0044,1,-126.979,3,3,20,0,-999,-999,0
18.5,48,16,4,-100.624,2,-115.33,5,5,20,0,-999,-999,0
18.5,48,16,4,-100.624,3,-123.106,5,5,20,0,-999,-999,0
18.5,48,16,4,-100.624,1,-128.549,3,3,20,0,-999,-999,0
18.5,57,32,3,-121.462,4,-104.386,6,7,20,0,-999,-999,0
18.5,57,32,3,-121.462,2,-112.445,5,5,20,0,-999,-999,0
18.5,57,32,3,-121.462,1,-118.067,3,3,20,0,-999,-999,0
18.5,75,32,1,-100.723,2,-112.016,5,5,20,0,-999,-999,0
18.5,75,32,1,-100.723,4,-121.37,6,7,20,0,-999,-999,0
18.5,75,32,1,-100.723,3,-134.956,5,5,20,0,-999,-999,0
18.5,76,16,1,-105.843,4,-108.916,6,7,20,0,-999,-999,0
18.5,76,16,1,-105.843,2,-110.043,5,5,20,0,-999,-999,0
18.5,76,16,1,-105.843,3,-132.244,5,5,20,0,-999,-999,0
18.5,101,41,4,-114.395,3,-109.879,5,5,20,0,-999,-999,0
18.5,101,41,4,-114.395,2,-123.451,5,5,20,0,-999,-999,0
18.5,101,41,4,-114.395,1,-137.221,3,3,20,0,-999,-999,0
18.5,102,40,1,-117.544,2,-95.6446,5,5,20,0,-999,-999,0
18.5,102,40,1,-117.544,4,-114.995,6,7,20,0,-999,-999,0
18.5,102,40,1,-117.544,3,-143.14,5,5,20,0,-999,-999,0
20.5,5,24,3,-92.9347,1,-86.8183,3,3,20,0,-999,-999,1
20.5,5,24,3,-92.9347,4,-121.312,8,8,20,0,-999,-999,1
20.5,5,24,3,-92.9347,2,-125.301,5,5,20,0,-999,-999,1
20.5,6,26,2,-115.758,1,-119.138,3,4,20,0,-999,-999,0
20.5,6,26,2,-115.758,4,-127.604,8,8,20,0,-999,-999,0
20.5,6,26,2,-115.758,3,-142.751,5,5,20,0,-999,-999,0
20.5,11,8,2,-112.433,4,-101.716,8,8,20,0,-999,-999,0
20.5,11,8,2,-112.433,1,-112.927,3,4,20,0,-999,-999,0
20.5,11,8,2,-112.433,3,-130.093,5,5,20,0,-999,-999,0
20.5,12,8,3,-67.0985,4,-93.9422,8,8,20,0,-999,-999,0
20.5,12,8,3,-67.0985,1,-102.707,3,4,20,0,-999,-999,0
20.5,12,8,3,-67.0985,2,-136.535,5,5,20,0,-999,-999,0
20.5,14,24,2,-94.8798,1,-84.3515,3,4,20,0,-999,-999,1
20.5,14,24,2,-94.8798,4,-126.43,8,8,20,0,-999,-999,1
20.5,14,24,2,-94.8798,3,-126.526,5,5,20,0,-999,-999,1
20.5,19,25,2,-98.2403,4,-101.268,8,8,20,0,-999,-999,0
20.5,19,25,2,-98.2403,3,-102.606,5,5,20,0,-999,-999,0
20.5,19,25,2,-98.2403,1,-125.631,3,5,20,0,-999,-999,0
20.5,27,9,2,-84.0492,1,-113.894,3,5,20,0,-999,-999,0
20.5,27,9,2,-84.0492,3,-114.663,5,5,20,0,-999,-999,0
20.5,27,9,2,-84.0492,4,-126.148,8,8,20,0,-999,-999,0
20.5,30,8,4,-98.1239,1,-125.816,3,5,20,0,-999,-999,0
20.5,30,8,4,-98.1239,2,-129.737,5,5,20,0,-999,-999,0
20.5,30,8,4,-98.1239,3,-131.957,5,5,20,0,-999,-999,0
20.5,31,24,4,-83.9517,2,-96.4,5,5,20,0,-999,-999,0
20.5,31,24,4,-83.9517,3,-124.221,5,5,20,0,-999,-999,0
20.5,31,24,4,-83.9517,1,-126.929,3,5,20,0,-999,-999,0
20.5,34,50,4,-102.653,3,-99.8063,5,5,20,0,-999,-999,0
20.5,34,50,4,-102.653,2,-130.351,5,5,20,0,-999,-999,0
20.5,34,50,4,-102.653,1,-139.975,3,5,20,0,-999,-999,0
20.5,40,41,3,-91.4153,4,-109.378,8,8,20,0,-999,-999,0
20.5,40,41,3,-91.4153,2,-112.393,5,5,20,0,-999,-999,0
20.5,40,41,3,-91.4153,1,-129.683,3,5,20,0,-999,-999,0
20.5,46,33,4,-110.879,1,-108.084,3,5,20,0,-999,-999,0
20.5,46,33,4,-110.879,3,-124.088,5,5,20,0,-999,-999,0
20.5,46,33,4,-110.879,2,-128.631,5,5,20,0,-999,-999,0
20.5,48,16,4,-79.2861,2,-101.765,5,5,20,0,-999,-999,0
20.5,48,16,4,-79.2861,3,-127,5,5,20,0,-999,-999,0
20.5,48,16,4,-79.2861,1,-130.634,3,5,20,0,-999,-999,0
20.5,57,32,3,-123.544,2,-102.213,5,5,20,0,-999,-999,0
20.5,57,32,3,-123.544,1,-117.976,3,5,20,0,-999,-999,0
20.5,57,32,3,-123.544,4,-125.315,8,8,20,0,-999,-999,0
20.5,75,32,1,-72.3572,2,-98.2953,5,5,20,0,-999,-999,0
20.5,75,32,1,-72.3572,4,-118.672,8,8,20,0,-999,-999,0
20.5,75,32,1,-72.3572,3,-131.644,5,5,20,0,-999,-999,0
20.5,76,16,1,-102.621,2,-86.9497,5,5,20,0,-999,-999,0
20.5,76,16,1,-102.621,4,-124.421,8,8,20,0,-999,-999,0
20.5,76,16,1,-102.621,3,-131.239,5,5,20,0,-999,-999,0
20.5,97,49,4,-88.4168,3,-104.816,5,5,20,0,-999,-999,0
20.5,97,49,4,-88.4168,1,-105.363,3,5,20,0,-999,-999,0
20.5,97,49,4,-88.4168,2,-116.327,5,5,20,0,-999,-999,0
20.5,101,41,4,-89.341,3,-73.8432,5,5,20,0,-999,-999,3
20.5,101,41,4,-89.341,1,-133.884,3,5,20,0,-999,-999,3
20.5,101,41,4,-89.341,2,-140.441,5,5,20,0,-999,-999,3
20.5,102,40,1,-78.1616,4,-111.55,8,8,20,0,-999,-999,0
20.5,102,40,1,-78.1616,2,-121.874,5,5,20,0,-999,-999,0
20.5,102,40,1,-78.1616,3,-132.064,5,6,20,0,-999,-999,0
22.5,5,41,1,-119.689,3,-92.8881,5,5,20,0,-999,-999,0
22.5,5,41,1,-119.689,2,-110.057,4,4,20,0,-999,-999,0
22.5,5,41,1,-119.689,4,-126.169,7,7,20,0,-999,-999,0
22.5,6,26,2,-122.267,1,-102.572,6,6,20,0,-999,-999,0
22.5,6,26,2,-122.267,4,-114.098,7,7,20,0,-999,-999,0
22.5,6,26,2,-122.267,3,-136.708,5,5,20,0,-999,-999,0
22.5,11,8,2,-93.9535,1,-114.627,6,6,20,0,-999,-999,0
22.5,11,8,2,-93.9535,4,-120.749,7,7,20,0,-999,-999,0
22.5,11,8,2,-93.9535,3,-124.431,5,5,20,0,-999,-999,0
22.5,12,8,3,-66.5644,4,-110.753,7,7,20,0,-999,-999,0
22.5,12,8,3,-66.5644,1,-127.84,6,6,20,0,-999,-999,0
22.5,12,8,3,-66.5644,2,-145.769,4,4,20,0,-999,-999,0
22.5,14,42,1,-99.3692,3,-100.44,5,5,20,0,-999,-999,0
22.5,14,42,1,-99.3692,2,-123.215,4,4,20,0,-999,-999,0
22.5,14,42,1,-99.3692,4,-128.123,7,7,20,0,-999,-999,0
22.5,19,25,2,-96.0082,1,-114.221,6,6,20,0,-999,-999,0
22.5,19,25,2,-96.0082,4,-122.626,7,7,20,0,-999,-999,0
22.5,19,25,2,-96.0082,3,-132.339,5,5,20,0,-999,-999,0
22.5,27,9,2,-87.6583,1,-100.343,6,6,20,0,-999,-999,0
22.5,27,9,2,-87.6583,4,-133.712,7,7,20,0,-999,-999,0
22.5,27,9,2,-87.6583,3,-135.528,5,5,20,0,-999,-999,0
22.5,30,8,4,-91.0837,1,-127.431,6,6,20,0,-999,-999,0
22.5,30,8,4,-91.0837,2,-127.903,4,4,20,0,-999,-999,0
22.5,30,8,4,-91.0837,3,-131.73,5,5,20,0,-999,-999,0
22.5,31,24,4,-87.8732,2,-124.197,4,4,20,0,-999,-999,0
22.5,31,24,4,-87.8732,1,-124.334,6,6,20,0,-999,-999,0
22.5,31,24,4,-87.8732,3,-134.109,5,5,20,0,-999,-999,0
22.5,34,50,4,-117.808,3,-72.3158,5,5,20,0,-999,-999,3
22.5,34,50,4,-117.808,2,-112.985,4,4,20,0,-999,-999,3
22.5,34,50,4,-117.808,1,-146.25,6,6,20,0,-999,-999,3
22.5,40,41,3,-95.8957,4,-118.239,7,7,20,0,-999,-999,0
22.5,40,41,3,-95.8957,1,-121.95,6,6,20,0,-999,-999,0
22.5,40,41,3,-95.8957,2,-125.475,4,4,20,0,-999,-999,0
22.5,46,33,4,-109.882,2,-126.239,4,4,20,0,-999,-999,0
22.5,46,33,4,-109.882,3,-126.448,5,6,20,0,-999,-999,0
22.5,46,33,4,-109.882,1,-133.648,6,6,20,0,-999,-999,0
22.5,48,16,4,-89.4504,2,-116.036,4,4,20,0,-999,-999,0
22.5,48,16,4,-89.4504,3,-127.769,5,6,20,0,-999,-999,0
22.5,48,16,4,-89.4504,1,-130.005,6,6,20,0,-999,-999,0
22.5,57,32,3,-126.562,1,-94.3581,6,6,20,0,-999,-999,0
22.5,57,32,3,-126.562,2,-118.77,4,4,20,0,-999,-999,0
22.5,57,32,3,-126.562,4,-121.752,7,7,20,0,-999,-999,0
22.5,62,49,3,-119.663,4,-125.995,7,7,20,0,-999,-999,0
22.5,62,49,3,-119.663,1,-132.371,6,6,20,0,-999,-999,0
22.5,62,49,3,-119.663,2,-147.044,4,4,20,0,-999,-999,0
22.5,75,32,1,-96.1023,4,-97.4389,7,7,20,0,-999,-999,0
22.5,75,32,1,-96.1023,2,-114.424,4,4,20,0,-999,-999,0
22.5,75,32,1,-96.1023,3,-131.989,5,6,20,0,-999,-999,0
22.5,76,16,1,-104.178,2,-110.852,4,4,20,0,-999,-999,0
22.5,76,16,1,-104.178,4,-131.299,7,7,20,0,-999,-999,0
22.5,76,16,1,-104.178,3,-135.885,5,6,20,0,-999,-999,0
22.5,77,58,4,-115.608,3,-91.3718,5,6,20,0,-999,-999,0
22.5,77,58,4,-115.608,2,-104.883,4,4,20,0,-999,-999,0
22.5,77,58,4,-115.608,1,-112.86,6,6,20,0,-999,-999,0
22.5,97,49,4,-103.878,3,-108.472,5,6,20,0,-999,-999,0
22.5,97,49,4,-103.878,1,-115.26,6,6,20,0,-999,-999,0
22.5,97,49,4,-103.878,2,-139.095,4,4,20,0,-999,-999,0
22.5,101,50,3,-75.0968,4,-111.298,7,7,20,0,-999,-999,0
22.5,101,50,3,-75.0968,1,-135.718,6,6,20,0,-999,-999,0
22.5,101,50,3,-75.0968,2,-136.036,4,4,20,0,-999,-999,0
22.5,102,40,1,-116.424,2,-119.429,4,4,20,0,-999,-999,0
22.5,102,40,1,-116.424,4,-131.351,7,7,20,0,-999,-999,0
22.5,102,40,1,-116.424,3,-138.629,5,6,20,0,-999,-999,0
24.5,5,41,1,-125.375,4,-102.227,6,6,20,0,-999,-999,0
24.5,5,41,1,-125.375,2,-112.286,4,4,20,0,-999,-999,0
24.5,5,41,1,-125.375,3,-113.313,8,8,20,0,-999,-999,0
24.5,6,26,2,-120.415,1,-88.5984,6,6,20,0,-999,-999,1
24.5,6,26,2,-120.415,4,-118.701,6,6,20,0,-999,-999,1
24.5,6,26,2,-120.415,3,-142.694,8,8,20,0,-999,-999,1
24.5,11,8,2,-98.2379,3,-98.8132,8,8,20,0,-999,-999,0
24.5,11,8,2,-98.2379,1,-104.576,6,7,20,0,-999,-999,0
24.5,11,8,2,-98.2379,4,-123.001,6,6,20,0,-999,-999,0
24.5,12,8,3,-100.449,4,-123.235,6,6,20,0,-999,-999,0
24.5,12,8,3,-100.449,1,-127.836,6,7,20,0,-999,-999,0
24.5,12,8,3,-100.449,2,-148.341,4,4,20,0,-999,-999,0
24.5,14,42,1,-95.396,2,-100,4,4,20,0,-999,-999,0
24.5,14,42,1,-95.396,3,-101.523,8,8,20,0,-999,-999,0
24.5,14,42,1,-95.396,4,-127.539,6,6,20,0,-999,-999,0
24.5,19,25,2,-115.219,1,-106.405,6,7,20,0,-999,-999,0
24.5,19,25,2,-115.219,4,-112.629,6,6,20,0,-999,-999,0
24.5,19,25,2,-115.219,3,-113.565,8,8,20,0,-999,-999,0
24.5,27,9,2,-86.464,1,-84.0966,6,7,20,0,-999,-999,0
24.5,27,9,2,-86.464,4,-126.421,6,6,20,0,-999,-999,0
24.5,27,9,2,-86.464,3,-130.943,8,8,20,0,-999,-999,0
24.5,30,8,4,-76.2086,2,-112.481,4,4,20,0,-999,-999,0
24.5,30,8,4,-76.2086,3,-124.252,8,8,20,0,-999,-999,0
24.5,30,8,4,-76.2086,1,-126.734,6,7,20,0,-999,-999,0
24.5,31,24,4,-116.131,2,-123.807,4,4,20,0,-999,-999,0
24.5,31,24,4,-116.131,1,-125.399,6,7,20,0,-999,-999,0
24.5,31,24,4,-116.131,3,-126.999,8,8,20,0,-999,-999,0
24.5,34,51,3,-114.017,4,-96.6464,6,6,20,0,-999,-999,0
24.5,34,51,3,-114.017,2,-117.241,4,4,20,0,-999,-999,0
24.5,34,51,3,-114.017,1,-127.777,6,7,20,0,-999,-999,0
24.5,40,41,3,-116.665,1,-110.615,6,7,20,0,-999,-999,0
24.5,40,41,3,-116.665,2,-110.872,4,4,20,0,-999,-999,0
24.5,40,41,3,-116.665,4,-113.06,6,6,20,0,-999,-999,0
24.5,46,33,4,-109.591,2,-122.8,4,4,20,0,-999,-999,0
24.5,46,33,4,-109.591,3,-125.034,8,8,20,0,-999,-999,0
24.5,46,33,4,-109.591,1,-125.874,6,7,20,0,-999,-999,0
24.5,48,16,4,-103.123,3,-125.492,8,8,20,0,-999,-999,0
24.5,48,16,4,-103.123,2,-128.679,4,4,20,0,-999,-999,0
24.5,48,16,4,-103.123,1,-132.302,6,7,20,0,-999,-999,0
24.5,57,32,3,-117.267,1,-90.715,6,7,20,0,-999,-999,1
24.5,57,32,3,-117.267,2,-106.289,4,4,20,0,-999,-999,1
24.5,57,32,3,-117.267,4,-123.117,6,6,20,0,-999,-999,1
24.5,62,49,3,-113.533,4,-116.983,6,6,20,0,-999,-999,0
24.5,62,49,3,-113.533,1,-123.828,6,8,20,0,-999,-999,0
24.5,62,49,3,-113.533,2,-151.624,4,4,20,0,-999,-999,0
24.5,75,32,1,-99.8864,2,-94.0045,4,4,20,0,-999,-999,0
24.5,75,32,1,-99.8864,4,-115.031,6,6,20,0,-999,-999,0
24.5,75,32,1,-99.8864,3,-138.254,8,8,20,0,-999,-999,0
24.5,76,16,1,-81.4171,2,-114.041,4,4,20,0,-999,-999,0
24.5,76,16,1,-81.4171,4,-131.141,6,6,20,0,-999,-999,0
24.5,76,16,1,-81.4171,3,-136.966,8,8,20,0,-999,-999,0
24.5,77,58,4,-109.34,2,-107.703,4,4,20,0,-999,-999,0
24.5,77,58,4,-109.34,3,-118.143,8,8,20,0,-999,-999,0
24.5,77,58,4,-109.34,1,-124.646,6,8,20,0,-999,-999,0
24.5,81,50,1,-111.702,2,-102.661,4,4,20,0,-999,-999,0
24.5,81,50,1,-111.702,4,-122.82,6,6,20,0,-999,-999,0
24.5,81,50,1,-111.702,3,-135.33,8,8,20,0,-999,-999,0
24.5,97,49,4,-118.269,3,-108.544,8,8,20,0,-999,-999,0
24.5,97,49,4,-118.269,1,-133.071,6,8,20,0,-999,-999,0
24.5,97,49,4,-118.269,2,-138.793,4,4,20,0,-999,-999,0
24.5,101,50,3,-104.74,4,-113.94,6,6,20,0,-999,-999,0
24.5,101,50,3,-104.74,1,-119.183,6,8,20,0,-999,-999,0
24.5,101,50,3,-104.74,2,-133.076,4,4,20,0,-999,-999,0
24.5,102,40,1,-115.261,4,-114.58,6,6,20,0,-999,-999,0
24.5,102,40,1,-115.261,2,-120.813,4,4,20,0,-999,-999,0
24.5,102,40,1,-115.261,3,-145.448,8,8,20,0,-999,-999,0
26.5,5,41,1,-97.1679,4,-101.645,6,6,20,0,-999,-999,0
26.5,5,41,1,-97.1679,3,-117.593,8,8,20,0,-999,-999,0
26.5,5,41,1,-97.1679,2,-121.462,4,4,20,0,-999,-999,0
26.5,6,52,1,-113.837,2,-102.571,4,4,20,0,-999,-999,0
26.5,6,52,1,-113.837,4,-135.335,6,6,20,0,-999,-999,0
26.5,6,52,1,-113.837,3,-139.768,8,8,20,0,-999,-999,0
26.5,11,8,2,-74.9378,1,-88.3014,8,8,20,0,-999,-999,0
26.5,11,8,2,-74.9378,4,-102.723,6,6,20,0,-999,-999,0
26.5,11,8,2,-74.9378,3,-123.783,8,8,20,0,-999,-999,0
26.5,12,8,3,-105.314,4,-108.182,6,6,20,0,-999,-999,0
26.5,12,8,3,-105.314,1,-133.864,8,8,20,0,-999,-999,0
26.5,12,8,3,-105.314,2,-146.01,4,4,20,0,-999,-999,0
26.5,14,42,1,-96.7011,4,-117.24,6,6,20,0,-999,-999,0
26.5,14,42,1,-96.7011,2,-121.053,4,4,20,0,-999,-999,0
26.5,14,42,1,-96.7011,3,-125.579,8,8,20,0,-999,-999,0
26.5,19,25,2,-76.3413,1,-122.236,8,8,20,0,-999,-999,0
26.5,19,25,2,-76.3413,3,-126.754,8,8,20,0,-999,-999,0
26.5,19,25,2,-76.3413,4,-127.612,6,6,20,0,-999,-999,0
26.5,27,9,2,-101.351,4,-105.059,6,6,20,0,-999,-999,0
26.5,27,9,2,-101.351,1,-106.687,8,8,20,0,-999,-999,0
26.5,27,9,2,-101.351,3,-116.804,8,8,20,0,-999,-999,0
26.5,30,8,4,-61.6303,1,-127.328,8,8,20,0,-999,-999,0
26.5,30,8,4,-61.6303,2,-131.395,4,4,20,0,-999,-999,0
26.5,30,8,4,-61.6303,3,-138.255,8,8,20,0,-999,-999,0
26.5,31,24,4,-74.3993,1,-115.155,8,8,20,0,-999,-999,0
26.5,31,24,4,-74.3993,2,-127.043,4,4,20,0,-999,-999,0
26.5,31,24,4,-74.3993,3,-138.407,8,8,20,0,-999,-999,0
26.5,34,51,3,-107.311,4,-116.731,6,6,20,0,-999,-999,0
26.5,34,51,3,-107.311,1,-137.664,8,8,20,0,-999,-999,0
26.5,34,51,3,-107.311,2,-141.025,4,4,20,0,-999,-999,0
26.5,40,41,3,-112.933,4,-94.104,6,6,20,0,-999,-999,0
26.5,40,41,3,-112.933,1,-126.666,8,8,20,0,-999,-999,0
26.5,40,41,3,-112.933,2,-127.229,4,4,20,0,-999,-999,0
26.5,46,33,4,-106.573,2,-108.046,4,4,20,0,-999,-999,0
26.5,46,33,4,-106.573,1,-114.498,8,8,20,0,-999,-999,0
26.5,46,33,4,-106.573,3,-127.976,8,8,20,0,-999,-999,0
26.5,48,16,4,-81.1005,3,-130.857,8,8,20,0,-999,-999,0
26.5,48,16,4,-81.1005,2,-132.12,4,4,20,0,-999,-999,0
26.5,48,16,4,-81.1005,1,-132.547,8,8,20,0,-999,-999,0
26.5,56,66,3,-108.379,4,-124.148,6,6,20,0,-999,-999,0
26.5,56,66,3,-108.379,1,-130.129,8,8,20,0,-999,-999,0
26.5,56,66,3,-108.379,2,-137.193,4,4,20,0,-999,-999,0
26.5,57,51,1,-118.297,3,-96.183,8,8,20,0,-999,-999,0
26.5,57,51,1,-118.297,4,-107.424,6,6,20,0,-999,-999,0
26.5,57,51,1,-118.297,2,-121.111,4,4,20,0,-999,-999,0
26.5,62,49,3,-109.304,4,-99.628,6,6,20,0,-999,-999,0
26.5,62,49,3,-109.304,2,-127.628,4,4,20,0,-999,-999,0
26.5,62,49,3,-109.304,1,-131.787,8,8,20,0,-999,-999,0
26.5,75,32,1,-111.224,2,-116.02,4,4,20,0,-999,-999,0
26.5,75,32,1,-111.224,4,-129.23,6,6,20,0,-999,-999,0
26.5,75,32,1,-111.224,3,-139.147,8,8,20,0,-999,-999,0
26.5,76,16,1,-82.8032,2,-107.834,4,4,20,0,-999,-999,0
26.5,76,16,1,-82.8032,4,-121.178,6,6,20,0,-999,-999,0
26.5,76,16,1,-82.8032,3,-135.968,8,8,20,0,-999,-999,0
26.5,77,58,4,-108.387,3,-90.9336,8,8,20,0,-999,-999,0
26.5,77,58,4,-108.387,2,-110.759,4,4,20,0,-999,-999,0
26.5,77,58,4,-108.387,1,-125.542,8,8,20,0,-999,-999,0
26.5,81,50,1,-114.793,2,-106.796,4,4,20,0,-999,-999,2
26.5,81,50,1,-114.793,3,-113.694,8,8,20,0,-999,-999,2
26.5,81,50,1,-114.793,4,-124.205,6,6,20,0,-999,-999,2
26.5,91,67,3,-83.8287,1,-98.2331,8,8,20,0,-999,-999,0
26.5,91,67,3,-83.8287,4,-115.485,6,6,20,0,-999,-999,0
26.5,91,67,3,-83.8287,2,-135.533,4,5,20,0,-999,-999,0
26.5,97,49,4,-104.26,3,-110.566,8,8,20,0,-999,-999,0
26.5,97,49,4,-104.26,1,-122.375,8,8,20,0,-999,-999,0
26.5,97,49,4,-104.26,2,-140.135,4,5,20,0,-999,-999,0
26.5,101,50,3,-89.3293,4,-101.398,6,6,20,0,-999,-999,0
26.5,101,50,3,-89.3293,2,-123.514,4,5,20,0,-999,-999,0
26.5,101,50,3,-89.3293,1,-134.054,8,8,20,0,-999,-999,0
26.5,102,40,1,-87.3903,2,-121.907,4,5,20,0,-999,-999,0
26.5,102,40,1,-87.3903,4,-135.667,6,6,20,0,-999,-999,0
26.5,102,40,1,-87.3903,3,-139.01,8,8,20,0,-999,-999,0
28.5,5,41,1,-122.331,4,-109.555,7,7,20,0,-999,-999,0
28.5,5,41,1,-122.331,2,-115.595,6,6,20,0,-999,-999,0
28.5,5,41,1,-122.331,3,-118.545,10,10,20,0,-999,-999,0
28.5,6,52,1,-115.853,2,-113.172,6,6,20,0,-999,-999,2
28.5,6,52,1,-115.853,4,-134.82,7,7,20,0,-999,-999,2
28.5,6,52,1,-115.853,3,-137.405,10,10,20,0,-999,-999,2
28.5,11,8,2,-119.625,1,-77.3271,8,8,20,0,-999,-999,0
28.5,11,8,2,-119.625,4,-121.436,7,7,20,0,-999,-999,0
28.5,11,8,2,-119.625,3,-128.766,10,10,20,0,-999,-999,0
28.5,12,8,3,-105.829,1,-113.217,8,8,20,0,-999,-999,0
28.5,12,8,3,-105.829,4,-118.073,7,7,20,0,-999,-999,0
28.5,12,8,3,-105.829,2,-148.558,6,7,20,0,-999,-999,0
28.5,14,42,1,-128.133,3,-100.07,10,10,20,0,-999,-999,0
28.5,14,42,1,-128.133,2,-121.004,6,7,20,0,-999,-999,0
28.5,14,42,1,-128.133,4,-129.61,7,7,20,0,-999,-999,0
28.5,19,25,2,-112.388,1,-108.071,8,8,20,0,-999,-999,0
28.5,19,25,2,-112.388,4,-126.512,7,7,20,0,-999,-999,0
28.5,19,25,2,-112.388,3,-127.31,10,10,20,0,-999,-999,0
28.5,21,34,2,-116.354,1,-86.2265,8,8,20,0,-999,-999,0
28.5,21,34,2,-116.354,3,-108.004,10,10,20,0,-999,-999,0
28.5,21,34,2,-116.354,4,-124.498,7,7,20,0,-999,-999,0
28.5,27,9,2,-85.0563,1,-111.154,8,8,20,0,-999,-999,0
28.5,27,9,2,-85.0563,4,-128.533,7,7,20,0,-999,-999,0
28.5,27,9,2,-85.0563,3,-136.992,10,10,20,0,-999,-999,0
28.5,30,8,4,-96.9004,2,-111.256,6,7,20,0,-999,-999,0
28.5,30,8,4,-96.9004,1,-128.657,8,8,20,0,-999,-999,0
28.5,30,8,4,-96.9004,3,-137.301,10,10,20,0,-999,-999,0
28.5,31,24,4,-103.588,2,-113.674,6,7,20,0,-999,-999,0
28.5,31,24,4,-103.588,1,-124.069,8,8,20,0,-999,-999,0
28.5,31,24,4,-103.588,3,-138.178,10,10,20,0,-999,-999,0
28.5,34,51,3,-97.2326,4,-115.246,7,7,20,0,-999,-999,0
28.5,34,51,3,-97.2326,2,-139.191,6,7,20,0,-999,-999,0
28.5,34,51,3,-97.2326,1,-140.15,8,8,20,0,-999,-999,0
28.5,40,41,3,-94.5098,1,-86.5412,8,8,20,0,-999,-999,0
28.5,40,41,3,-94.5098,4,-94.3817,7,7,20,0,-999,-999,0
28.5,40,41,3,-94.5098,2,-127.886,6,7,20,0,-999,-999,0
28.5,46,33,4,-95.8604,3,-106.304,10,10,20,0,-999,-999,0
28.5,46,33,4,-95.8604,1,-130.113,8,8,20,0,-999,-999,0
28.5,46,33,4,-95.8604,2,-130.418,6,7,20,0,-999,-999,0
28.5,48,16,4,-80.4344,2,-110.697,6,7,20,0,-999,-999,0
28.5,48,16,4,-80.4344,3,-118.614,10,10,20,0,-999,-999,0
28.5,48,16,4,-80.4344,1,-131.572,8,8,20,0,-999,-999,0
28.5,56,66,3,-111.168,4,-101.002,7,7,20,0,-999,-999,0
28.5,56,66,3,-111.168,1,-102.528,8,8,20,0,-999,-999,0
28.5,56,66,3,-111.168,2,-118.618,6,7,20,0,-999,-999,0
28.5,57,51,1,-118.368,2,-92.4739,6,7,20,0,-999,-999,0
28.5,57,51,1,-118.368,4,-97.5539,7,7,20,0,-999,-999,0
28.5,57,51,1,-118.368,3,-108.188,10,10,20,0,-999,-999,0
28.5,62,49,3,-124.116,4,-87.6557,7,7,20,0,-999,-999,4
28.5,62,49,3,-124.116,2,-127.269,6,7,20,0,-999,-999,4
28.5,62,49,3,-124.116,1,-143.164,8,8,20,0,-999,-999,4
28.5,75,32,1,-82.3572,4,-107.462,7,8,20,0,-999,-999,0
28.5,75,32,1,-82.3572,2,-109.029,6,7,20,0,-999,-999,0
28.5,75,32,1,-82.3572,3,-140.917,10,10,20,0,-999,-999,0
28.5,76,16,1,-81.3748,2,-107.678,6,7,20,0,-999,-999,0
28.5,76,16,1,-81.3748,3,-115.334,10,10,20,0,-999,-999,0
28.5,76,16,1,-81.3748,4,-132.855,7,8,20,0,-999,-999,0
28.5,77,58,4,-108.176,1,-97.8153,8,8,20,0,-999,-999,0
28.5,77,58,4,-108.176,3,-116.177,10,10,20,0,-999,-999,0
28.5,77,58,4,-108.176,2,-125.005,6,7,20,0,-999,-999,0
28.5,81,35,2,-108.13,1,-82.3132,8,8,20,0,-999,-999,0
28.5,81,35,2,-108.13,4,-103.946,7,8,20,0,-999,-999,0
28.5,81,35,2,-108.13,3,-135.73,10,10,20,0,-999,-999,0
28.5,90,75,3,-87.8749,1,-123.682,8,8,20,0,-999,-999,0
28.5,90,75,3,-87.8749,4,-126.904,7,8,20,0,-999,-999,0
28.5,90,75,3,-87.8749,2,-128.602,6,7,20,0,-999,-999,0
28.5,91,67,3,-74.4987,4,-91.478,7,8,20,0,-999,-999,0
28.5,91,67,3,-74.4987,1,-126.915,8,8,20,0,-999,-999,0
28.5,91,67,3,-74.4987,2,-137.589,6,7,20,0,-999,-999,0
28.5,97,49,4,-119.584,3,-81.9155,10,10,20,0,-999,-999,0
28.5,97,49,4,-119.584,1,-125.819,8,8,20,0,-999,-999,0
28.5,97,49,4,-119.584,2,-139.005,6,7,20,0,-999,-999,0
28.5,101,50,3,-106.328,4,-113.672,7,8,20,0,-999,-999,0
28.5,101,50,3,-106.328,1,-121.004,8,8,20,0,-999,-999,0
28.5,101,50,3,-106.328,2,-138.967,6,7,20,0,-999,-999,0
28.5,102,40,1,-107.071,2,-80.6168,6,7,20,0,-999,-999,0
28.5,102,40,1,-107.071,4,-136.801,7,8,20,0,-999,-999,0
28.5,102,40,1,-107.071,3,-145.677,10,10,20,0,-999,-999,0
30.5,5,41,1,-120.348,3,-106.43,9,9,20,0,-999,-999,0
30.5,5,41,1,-120.348,2,-123.459,7,7,20,0,-999,-999,0
30.5,5,41,1,-120.348,4,-125.811,8,8,20,0,-999,-999,0
30.5,6,44,2,-98.5792,1,-111.431,8,8,20,0,-999,-999,0
30.5,6,44,2,-98.5792,4,-127.433,8,8,20,0,-999,-999,0
30.5,6,44,2,-98.5792,3,-139.463,9,9,20,0,-999,-999,0
30.5,9,90,3,-102.396,4,-102.647,8,8,20,0,-999,-999,0
30.5,9,90,3,-102.396,2,-117.698,7,7,20,0,-999,-999,0
30.5,9,90,3,-102.396,1,-143.799,8,8,20,0,-999,-999,0
30.5,11,8,2,-94.5632,1,-85.6735,8,8,20,0,-999,-999,1
30.5,11,8,2,-94.5632,4,-121.869,8,8,20,0,-999,-999,1
30.5,11,8,2,-94.5632,3,-125.311,9,9,20,0,-999,-999,1
30.5,12,8,3,-105.845,4,-95.7246,8,8,20,0,-999,-999,0
30.5,12,8,3,-105.845,1,-115.661,8,9,20,0,-999,-999,0
30.5,12,8,3,-105.845,2,-141.459,7,7,20,0,-999,-999,0
30.5,14,42,1,-123.935,3,-115.078,9,9,20,0,-999,-999,3
30.5,14,42,1,-123.935,2,-120.812,7,7,20,0,-999,-999,3
30.5,14,42,1,-123.935,4,-129.448,8,8,20,0,-999,-999,3
30.5,19,25,2,-97.359,1,-119.529,8,9,20,0,-999,-999,0
30.5,19,25,2,-97.359,4,-126.759,8,8,20,0,-999,-999,0
30.5,19,25,2,-97.359,3,-129.801,9,10,20,0,-999,-999,0
30.5,21,34,2,-96.9471,1,-86.0996,8,9,20,0,-999,-999,1
30.5,21,34,2,-96.9471,4,-123.708,8,8,20,0,-999,-999,1
30.5,21,34,2,-96.9471,3,-130.534,9,10,20,0,-999,-999,1
30.5,27,9,2,-102.812,1,-113.837,8,10,20,0,-999,-999,0
30.5,27,9,2,-102.812,4,-123.805,8,8,20,0,-999,-999,0
30.5,27,9,2,-102.812,3,-125.166,9,10,20,0,-999,-999,0
30.5,30,8,4,-99.5226,1,-130.947,8,10,20,0,-999,-999,0
30.5,30,8,4,-99.5226,2,-135.6,7,7,20,0,-999,-999,0
30.5,30,8,4,-99.5226,3,-135.754,9,10,20,0,-999,-999,0
30.5,31,24,4,-118.702,2,-115.332,7,7,20,0,-999,-999,0
30.5,31,24,4,-118.702,1,-126.263,8,10,20,0,-999,-999,0
30.5,31,24,4,-118.702,3,-142.019,9,10,20,0,-999,-999,0
30.5,34,51,3,-104.609,4,-98.5356,8,8,20,0,-999,-999,0
30.5,34,51,3,-104.609,1,-135.972,8,10,20,0,-999,-999,0
30.5,34,51,3,-104.609,2,-139.147,7,7,20,0,-999,-999,0
30.5,36,60,1,-90.031,2,-106.041,7,7,20,0,-999,-999,0
30.5,36,60,1,-90.031,4,-119.65,8,8,20,0,-999,-999,0
30.5,36,60,1,-90.031,3,-137.958,9,10,20,0,-999,-999,0
30.5,40,41,3,-82.0961,4,-81.0638,8,8,20,0,-999,-999,0
30.5,40,41,3,-82.0961,1,-110.839,8,10,20,0,-999,-999,0
30.5,40,41,3,-82.0961,2,-132.881,7,7,20,0,-999,-999,0
30.5,46,33,4,-86.3951,2,-92.8326,7,7,20,0,-999,-999,0
30.5,46,33,4,-86.3951,3,-121.84,9,10,20,0,-999,-999,0
30.5,46,33,4,-86.3951,1,-122.525,8,10,20,0,-999,-999,0
30.5,48,16,4,-93.0568,2,-113.058,7,7,20,0,-999,-999,0
30.5,48,16,4,-93.0568,3,-126.039,9,10,20,0,-999,-999,0
30.5,48,16,4,-93.0568,1,-131.991,8,10,20,0,-999,-999,0
30.5,56,66,3,-108.865,1,-104.079,8,10,20,0,-999,-999,0
30.5,56,66,3,-108.865,4,-124.445,8,8,20,0,-999,-999,0
30.5,56,66,3,-108.865,2,-144.618,7,7,20,0,-999,-999,0
30.5,57,51,1,-90.6782,3,-99.8002,9,10,20,0,-999,-999,0
30.5,57,51,1,-90.6782,4,-122.264,8,8,20,0,-999,-999,0
30.5,57,51,1,-90.6782,2,-125.855,7,7,20,0,-999,-999,0
30.5,62,67,4,-102.093,3,-121.243,9,10,20,0,-999,-999,0
30.5,62,67,4,-102.093,1,-128.777,8,10,20,0,-999,-999,0
30.5,62,67,4,-102.093,2,-145.765,7,7,20,0,-999,-999,0
30.5,75,32,1,-108.525,2,-113.612,7,7,20,0,-999,-999,0
30.5,75,32,1,-108.525,4,-126.474,8,8,20,0,-999,-999,0
30.5,75,32,1,-108.525,3,-141.455,9,10,20,0,-999,-999,0
30.5,76,16,1,-61.4141,2,-109.069,7,7,20,0,-999,-999,0
30.5,76,16,1,-61.4141,3,-126.527,9,10,20,0,-999,-999,0
30.5,76,16,1,-61.4141,4,-130.564,8,8,20,0,-999,-999,0
30.5,77,58,4,-104.562,2,-109.956,7,7,20,0,-999,-999,0
30.5,77,58,4,-104.562,3,-119.462,9,10,20,0,-999,-999,0
30.5,77,58,4,-104.562,1,-131.529,8,10,20,0,-999,-999,0
30.5,81,35,2,-90.7573,1,-101.391,8,10,20,0,-999,-999,0
30.5,81,35,2,-90.7573,4,-110.971,8,8,20,0,-999,-999,0
30.5,81,35,2,-90.7573,3,-120.332,9,10,20,0,-999,-999,0
30.5,90,75,3,-94.8021,4,-121.749,8,8,20,0,-999,-999,0
30.5,90,75,3,-94.8021,1,-132.45,8,10,20,0,-999,-999,0
30.5,90,75,3,-94.8021,2,-132.972,7,7,20,0,-999,-999,0
30.5,91,67,3,-97.8035,4,-77.0482,8,8,20,0,-999,-999,0
30.5,91,67,3,-97.8035,2,-122.594,7,7,20,0,-999,-999,0
30.5,91,67,3,-97.8035,1,-130.277,8,10,20,0,-999,-999,0
30.5,93,66,4,-95.0587,3,-123.126,9,10,20,0,-999,-999,0
30.5,93,66,4,-95.0587,2,-123.771,7,7,20,0,-999,-999,0
30.5,93,66,4,-95.0587,1,-132.788,8,10,20,0,-999,-999,0
30.5,97,49,4,-122.884,3,-106.829,9,10,20,0,-999,-999,3
30.5,97,49,4,-122.884,1,-110.34,8,10,20,0,-999,-999,3
30.5,97,49,4,-122.884,2,-143.533,7,7,20,0,-999,-999,3
30.5,98,91,3,-113.814,4,-115.255,8,8,20,0,-999,-999,0
30.5,98,91,3,-113.814,1,-115.932,8,10,20,0,-999,-999,0
30.5,98,91,3,-113.814,2,-122.53,7,7,20,0,-999,-999,0
30.5,101,50,3,-94.6061,4,-77.4834,8,8,20,0,-999,-999,0
30.5,101,50,3,-94.6061,1,-121.676,8,10,20,0,-999,-999,0
30.5,101,50,3,-94.6061,2,-121.843,7,7,20,0,-999,-999,0
30.5,102,40,1,-105.345,2,-122.59,7,7,20,0,-999,-999,0
30.5,102,40,1,-105.345,4,-132.802,8,8,20,0,-999,-999,0
30.5,102,40,1,-105.345,3,-140.78,9,11,20,0,-999,-999,0
30.5,104,43,2,-89.5137,1,-107.51,8,10,20,0,-999,-999,0
30.5,104,43,2,-89.5137,3,-116.011,9,11,20,0,-999,-999,0
30.5,104,43,2,-89.5137,4,-132.5,8,8,20,0,-999,-999,0
32.5,5,41,1,-127.699,3,-96.3086,11,11,20,0,-999,-999,3
32.5,5,41,1,-127.699,2,-119.986,5,5,20,0,-999,-999,3
32.5,5,41,1,-127.699,4,-124.044,7,7,20,0,-999,-999,3
32.5,6,44,2,-118.389,1,-86.5441,10,10,20,0,-999,-999,0
32.5,6,44,2,-118.389,4,-123.413,7,7,20,0,-999,-999,0
32.5,6,44,2,-118.389,3,-142.489,11,12,20,0,-999,-999,0
32.5,9,90,3,-102.419,2,-121.455,5,5,20,0,-999,-999,0
32.5,9,90,3,-102.419,4,-122.787,7,7,20,0,-999,-999,0
32.5,9,90,3,-102.419,1,-131.467,10,10,20,0,-999,-999,0
32.5,11,69,1,-116.99,2,-104.459,5,5,20,0,-999,-999,0
32.5,11,69,1,-116.99,4,-121.206,7,7,20,0,-999,-999,0
32.5,11,69,1,-116.99,3,-126.615,11,12,20,0,-999,-999,0
32.5,12,8,3,-106.331,4,-120.33,7,7,20,0,-999,-999,0
32.5,12,8,3,-106.331,2,-131.219,5,5,20,0,-999,-999,0
32.5,12,8,3,-106.331,1,-140.079,10,10,20,0,-999,-999,0
32.5,14,93,3,-112.35,1,-84.7464,10,10,20,0,-999,-999,0
32.5,14,93,3,-112.35,4,-106.475,7,7,20,0,-999,-999,0
32.5,14,93,3,-112.35,2,-118.643,5,5,20,0,-999,-999,0
32.5,19,25,2,-119.454,4,-104.471,7,7,20,0,-999,-999,0
32.5,19,25,2,-119.454,1,-120.879,10,10,20,0,-999,-999,0
32.5,19,25,2,-119.454,3,-128.218,11,12,20,0,-999,-999,0
32.5,21,70,1,-111.883,2,-117.12,5,5,20,0,-999,-999,0
32.5,21,70,1,-111.883,4,-127.304,7,7,20,0,-999,-999,0
32.5,21,70,1,-111.883,3,-131.231,11,12,20,0,-999,-999,0
32.5,24,67,1,-91.9051,3,-109.416,11,12,20,0,-999,-999,0
32.5,24,67,1,-91.9051,4,-120.22,7,7,20,0,-999,-999,0
32.5,24,67,1,-91.9051,2,-123.196,5,5,20,0,-999,-999,0
32.5,27,9,2,-103.8,1,-106.762,10,10,20,0,-999,-999,0
32.5,27,9,2,-103.8,4,-126.024,7,7,20,0,-999,-999,0
32.5,27,9,2,-103.8,3,-136.189,11,12,20,0,-999,-999,0
32.5,30,8,4,-88.3462,2,-112.5,5,5,20,0,-999,-999,0
32.5,30,8,4,-88.3462,1,-131.101,10,10,20,0,-999,-999,0
32.5,30,8,4,-88.3462,3,-131.761,11,12,20,0,-999,-999,0
32.5,31,24,4,-87.5226,1,-119.076,10,10,20,0,-999,-999,0
32.5,31,24,4,-87.5226,2,-123.768,5,5,20,0,-999,-999,0
32.5,31,24,4,-87.5226,3,-138.84,11,12,20,0,-999,-999,0
32.5,34,51,3,-112.189,4,-105.942,7,7,20,0,-999,-999,4
32.5,34,51,3,-112.189,2,-123.666,5,5,20,0,-999,-999,4
32.5,34,51,3,-112.189,1,-126.621,10,10,20,0,-999,-999,4
32.5,36,60,1,-118.947,4,-117.991,7,8,20,0,-999,-999,0
32.5,36,60,1,-118.947,2,-121.239,5,5,20,0,-999,-999,0
32.5,36,60,1,-118.947,3,-134.117,11,12,20,0,-999,-999,0
32.5,40,41,3,-104.48,2,-109.775,5,5,20,0,-999,-999,0
32.5,40,41,3,-104.48,4,-112.435,7,8,20,0,-999,-999,0
32.5,40,41,3,-104.48,1,-122.165,10,10,20,0,-999,-999,0
32.5,46,33,4,-109.088,3,-108.023,11,12,20,0,-999,-999,0
32.5,46,33,4,-109.088,1,-129.041,10,10,20,0,-999,-999,0
32.5,46,33,4,-109.088,2,-133.102,5,5,20,0,-999,-999,0
32.5,48,16,4,-83.3033,2,-113.75,5,5,20,0,-999,-999,0
32.5,48,16,4,-83.3033,1,-125.47,10,10,20,0,-999,-999,0
32.5,48,16,4,-83.3033,3,-126.11,11,12,20,0,-999,-999,0
32.5,56,66,3,-110.474,4,-123.659,7,8,20,0,-999,-999,0
32.5,56,66,3,-110.474,1,-124.753,10,10,20,0,-999,-999,0
32.5,56,66,3,-110.474,2,-138.587,5,5,20,0,-999,-999,0
32.5,57,51,1,-119.311,3,-84.9203,11,12,20,0,-999,-999,0
32.5,57,51,1,-119.311,4,-96.4903,7,8,20,0,-999,-999,0
32.5,57,51,1,-119.311,2,-105.013,5,5,20,0,-999,-999,0
32.5,62,67,4,-104.515,3,-97.997,11,12,20,0,-999,-999,0
32.5,62,67,4,-104.515,1,-136.529,10,10,20,0,-999,-999,0
32.5,62,67,4,-104.515,2,-148.219,5,5,20,0,-999,-999,0
32.5,75,32,1,-78.7644,2,-109.392,5,5,20,0,-999,-999,0
32.5,75,32,1,-78.7644,4,-120.183,7,8,20,0,-999,-999,0
32.5,75,32,1,-78.7644,3,-124.223,11,12,20,0,-999,-999,0
32.5,76,16,1,-91.5726,2,-109.663,5,5,20,0,-999,-999,0
32.5,76,16,1,-91.5726,4,-114.864,7,8,20,0,-999,-999,0
32.5,76,16,1,-91.5726,3,-134.868,11,12,20,0,-999,-999,0
32.5,77,58,4,-110.42,3,-77.5398,11,12,20,0,-999,-999,0
32.5,77,58,4,-110.42,2,-126.464,5,5,20,0,-999,-999,0
32.5,77,58,4,-110.42,1,-126.562,10,10,20,0,-999,-999,0
32.5,81,35,2,-103.171,1,-114.957,10,10,20,0,-999,-999,0
32.5,81,35,2,-103.171,4,-129.69,7,8,20,0,-999,-999,0
32.5,81,35,2,-103.171,3,-135.202,11,12,20,0,-999,-999,0
32.5,90,75,3,-112.296,4,-122.568,7,8,20,0,-999,-999,0
32.5,90,75,3,-112.296,1,-139.506,10,10,20,0,-999,-999,0
32.5,90,75,3,-112.296,2,-143.364,5,5,20,0,-999,-999,0
32.5,91,67,3,-112.23,4,-91.5492,7,8,20,0,-999,-999,4
32.5,91,67,3,-112.23,1,-128.047,10,10,20,0,-999,-999,4
32.5,91,67,3,-112.23,2,-135.77,5,5,20,0,-999,-999,4
32.5,93,66,4,-87.2374,3,-122.059,11,12,20,0,-999,-999,0
32.5,93,66,4,-87.2374,2,-122.148,5,5,20,0,-999,-999,0
32.5,93,66,4,-87.2374,1,-128.295,10,10,20,0,-999,-999,0
32.5,97,92,3,-95.3729,4,-96.0631,7,9,20,0,-999,-999,0
32.5,97,92,3,-95.3729,2,-103.689,5,5,20,0,-999,-999,0
32.5,97,92,3,-95.3729,1,-131.289,10,10,20,0,-999,-999,0
32.5,98,91,3,-120.919,4,-124.362,7,9,20,0,-999,-999,0
32.5,98,91,3,-120.919,1,-131.542,10,10,20,0,-999,-999,0
32.5,98,91,3,-120.919,2,-134.845,5,5,20,0,-999,-999,0
32.5,101,50,3,-96.7095,4,-92.7239,7,9,20,0,-999,-999,4
32.5,101,50,3,-96.7095,1,-132.512,10,10,20,0,-999,-999,4
32.5,101,50,3,-96.7095,2,-140.21,5,5,20,0,-999,-999,4
32.5,102,40,1,-112.882,2,-111.998,5,5,20,0,-999,-999,0
32.5,102,40,1,-112.882,4,-116.875,7,10,20,0,-999,-999,0
32.5,102,40,1,-112.882,3,-144.39,11,12,20,0,-999,-999,0
32.5,104,43,2,-105.57,1,-115.045,10,10,20,0,-999,-999,0
32.5,104,43,2,-105.57,4,-125.452,7,10,20,0,-999,-999,0
32.5,104,43,2,-105.57,3,-136.385,11,12,20,0,-999,-999,0
34.5,5,94,3,-94.727,4,-109.199,10,10,20,0,-999,-999,0
34.5,5,94,3,-94.727,2,-114.035,5,5,20,0,-999,-999,0
34.5,5,94,3,-94.727,1,-115.535,9,9,20,0,-999,-999,0
34.5,6,44,2,-121.975,1,-117.551,9,9,20,0,-999,-999,1
34.5,6,44,2,-121.975,4,-131.239,10,10,20,0,-999,-999,1
34.5,6,44,2,-121.975,3,-147.573,9,9,20,0,-999,-999,1
34.5,9,90,3,-89.4791,4,-92.38,10,10,20,0,-999,-999,0
34.5,9,90,3,-89.4791,2,-138.938,5,5,20,0,-999,-999,0
34.5,9,90,3,-89.4791,1,-144.758,9,10,20,0,-999,-999,0
34.5,11,69,1,-118.91,4,-89.0464,10,10,20,0,-999,-999,0
34.5,11,69,1,-118.91,2,-92.6537,5,5,20,0,-999,-999,0
34.5,11,69,1,-118.91,3,-112.717,9,9,20,0,-999,-999,0
34.5,12,8,3,-96.5377,4,-99.2175,10,10,20,0,-999,-999,0
34.5,12,8,3,-96.5377,1,-113.684,9,10,20,0,-999,-999,0
34.5,12,8,3,-96.5377,2,-133.967,5,5,20,0,-999,-999,0
34.5,14,93,3,-106.166,2,-102.74,5,5,20,0,-999,-999,0
34.5,14,93,3,-106.166,1,-120.224,9,10,20,0,-999,-999,0
34.5,14,93,3,-106.166,4,-127.453,10,10,20,0,-999,-999,0
34.5,19,25,2,-120.28,3,-110.429,9,9,20,0,-999,-999,0
34.5,19,25,2,-120.28,1,-113.754,9,10,20,0,-999,-999,0
34.5,19,25,2,-120.28,4,-126.147,10,10,20,0,-999,-999,0
34.5,21,70,1,-115.947,3,-95.9231,9,9,20,0,-999,-999,0
34.5,21,70,1,-115.947,2,-116.37,5,5,20,0,-999,-999,0
34.5,21,70,1,-115.947,4,-128.05,10,10,20,0,-999,-999,0
34.5,24,67,1,-89.4172,3,-104.374,9,9,20,0,-999,-999,0
34.5,24,67,1,-89.4172,4,-105.022,10,10,20,0,-999,-999,0
34.5,24,67,1,-89.4172,2,-117.256,5,5,20,0,-999,-999,0
34.5,27,9,2,-66.6938,1,-72.4352,9,10,20,0,-999,-999,0
34.5,27,9,2,-66.6938,4,-122.897,10,10,20,0,-999,-999,0
34.5,27,9,2,-66.6938,3,-140.534,9,9,20,0,-999,-999,0
34.5,30,8,4,-96.4177,1,-101.818,9,10,20,0,-999,-999,0
34.5,30,8,4,-96.4177,3,-134.493,9,9,20,0,-999,-999,0
34.5,30,8,4,-96.4177,2,-134.908,5,5,20,0,-999,-999,0
34.5,31,24,4,-117.272,2,-112.148,5,5,20,0,-999,-999,0
34.5,31,24,4,-117.272,1,-122.923,9,10,20,0,-999,-999,0
34.5,31,24,4,-117.272,3,-140.656,9,9,20,0,-999,-999,0
34.5,34,68,4,-113.393,3,-94.6817,9,9,20,0,-999,-999,0
34.5,34,68,4,-113.393,1,-100.56,9,10,20,0,-999,-999,0
34.5,34,68,4,-113.393,2,-125.959,5,5,20,0,-999,-999,0
34.5,36,60,1,-116.092,4,-119.193,10,10,20,0,-999,-999,0
34.5,36,60,1,-116.092,2,-122.252,5,5,20,0,-999,-999,0
34.5,36,60,1,-116.092,3,-127.164,9,9,20,0,-999,-999,0
34.5,40,41,3,-102.18,4,-95.6223,10,10,20,0,-999,-999,0
34.5,40,41,3,-102.18,1,-123.892,9,10,20,0,-999,-999,0
34.5,40,41,3,-102.18,2,-127.565,5,5,20,0,-999,-999,0
34.5,46,33,4,-85.1081,3,-105.804,9,9,20,0,-999,-999,0
34.5,46,33,4,-85.1081,1,-130.686,9,10,20,0,-999,-999,0
34.5,46,33,4,-85.1081,2,-130.961,5,5,20,0,-999,-999,0
34.5,48,16,4,-84.5194,3,-107.716,9,9,20,0,-999,-999,0
34.5,48,16,4,-84.5194,1,-128.308,9,10,20,0,-999,-999,0
34.5,48,16,4,-84.5194,2,-132.263,5,5,20,0,-999,-999,0
34.5,56,66,3,-94.765,4,-125.071,10,10,20,0,-999,-999,0
34.5,56,66,3,-94.765,2,-126.895,5,5,20,0,-999,-999,0
34.5,56,66,3,-94.765,1,-133.234,9,10,20,0,-999,-999,0
34.5,57,51,1,-117.121,2,-100.554,5,5,20,0,-999,-999,0
34.5,57,51,1,-117.121,4,-107.853,10,10,20,0,-999,-999,0
34.5,57,51,1,-117.121,3,-120.176,9,9,20,0,-999,-999,0
34.5,62,67,4,-126.731,3,-94.1265,9,9,20,0,-999,-999,3
34.5,62,67,4,-126.731,1,-139.058,9,10,20,0,-999,-999,3
34.5,62,67,4,-126.731,2,-145.773,5,5,20,0,-999,-999,3
34.5,75,32,1,-71.7259,2,-117.028,5,5,20,0,-999,-999,0
34.5,75,32,1,-71.7259,3,-124.427,9,10,20,0,-999,-999,0
34.5,75,32,1,-71.7259,4,-133.418,10,10,20,0,-999,-999,0
34.5,76,16,1,-86.9856,2,-103.184,5,5,20,0,-999,-999,0
34.5,76,16,1,-86.9856,4,-125.172,10,10,20,0,-999,-999,0
34.5,76,16,1,-86.9856,3,-139.063,9,10,20,0,-999,-999,0
34.5,77,58,4,-104.022,3,-77.7741,9,10,20,0,-999,-999,3
34.5,77,58,4,-104.022,2,-122.226,5,5,20,0,-999,-999,3
34.5,77,58,4,-104.022,1,-131.362,9,10,20,0,-999,-999,3
34.5,81,35,2,-67.4068,1,-80.1591,9,10,20,0,-999,-999,0
34.5,81,35,2,-67.4068,4,-132.18,10,10,20,0,-999,-999,0
34.5,81,35,2,-67.4068,3,-138.265,9,11,20,0,-999,-999,0
34.5,85,78,1,-129.663,2,-103.629,5,5,20,0,-999,-999,0
34.5,85,78,1,-129.663,3,-116.814,9,11,20,0,-999,-999,0
34.5,85,78,1,-129.663,4,-120.51,10,10,20,0,-999,-999,0
34.5,90,75,3,-111.241,4,-117.894,10,10,20,0,-999,-999,0
34.5,90,75,3,-111.241,1,-128.237,9,10,20,0,-999,-999,0
34.5,90,75,3,-111.241,2,-142.922,5,5,20,0,-999,-999,0
34.5,91,69,4,-96.7432,1,-97.5386,9,10,20,0,-999,-999,0
34.5,91,69,4,-96.7432,3,-109.301,9,11,20,0,-999,-999,0
34.5,91,69,4,-96.7432,2,-125.888,5,5,20,0,-999,-999,0
34.5,93,66,4,-89.2447,3,-115.773,9,11,20,0,-999,-999,0
34.5,93,66,4,-89.2447,2,-135.309,5,5,20,0,-999,-999,0
34.5,93,66,4,-89.2447,1,-135.804,9,10,20,0,-999,-999,0
34.5,97,92,3,-107.175,4,-114.09,10,10,20,0,-999,-999,0
34.5,97,92,3,-107.175,2,-119.373,5,5,20,0,-999,-999,0
34.5,97,92,3,-107.175,1,-134.788,9,10,20,0,-999,-999,0
34.5,98,91,3,-111.674,4,-118.603,10,10,20,0,-999,-999,0
34.5,98,91,3,-111.674,1,-124.74,9,10,20,0,-999,-999,0
34.5,98,91,3,-111.674,2,-141.973,5,5,20,0,-999,-999,0
34.5,101,70,4,-96.4104,3,-107.51,9,11,20,0,-999,-999,0
34.5,101,70,4,-96.4104,2,-120.365,5,5,20,0,-999,-999,0
34.5,101,70,4,-96.4104,1,-129.288,9,10,20,0,-999,-999,0
34.5,102,40,1,-105.578,2,-114.661,5,5,20,0,-999,-999,0
34.5,102,40,1,-105.578,4,-116.807,10,10,20,0,-999,-999,0
34.5,102,40,1,-105.578,3,-142.106,9,11,20,0,-999,-999,0
34.5,104,43,2,-112.338,4,-87.9777,10,10,20,0,-999,-999,0
34.5,104,43,2,-112.338,1,-106.805,9,10,20,0,-999,-999,0
34.5,104,43,2,-112.338,3,-111.285,9,11,20,0,-999,-999,0
36.5,5,94,3,-119.284,4,-106.117,8,8,20,0,-999,-999,0
36.5,5,94,3,-119.284,1,-122.974,10,10,20,0,-999,-999,0
36.5,5,94,3,-119.284,2,-125.014,4,4,20,0,-999,-999,0
36.5,6,79,1,-111.204,4,-117.574,8,8,20,0,-999,-999,0
36.5,6,79,1,-111.204,2,-122.107,4,4,20,0,-999,-999,0
36.5,6,79,1,-111.204,3,-138.489,12,12,20,0,-999,-999,0
36.5,9,90,3,-86.7238,4,-117.938,8,8,20,0,-999,-999,0
36.5,9,90,3,-86.7238,2,-138.056,4,4,20,0,-999,-999,0
36.5,9,90,3,-86.7238,1,-141.253,10,10,20,0,-999,-999,0
36.5,11,69,1,-112.406,2,-89.7911,4,4,20,0,-999,-999,0
36.5,11,69,1,-112.406,3,-122.63,12,12,20,0,-999,-999,0
36.5,11,69,1,-112.406,4,-127.799,8,8,20,0,-999,-999,0
36.5,12,8,3,-84.7325,4,-105.122,8,8,20,0,-999,-999,0
36.5,12,8,3,-84.7325,1,-112.542,10,10,20,0,-999,-999,0
36.5,12,8,3,-84.7325,2,-148.635,4,4,20,0,-999,-999,0
36.5,14,93,3,-107.453,4,-103.322,8,8,20,0,-999,-999,0
36.5,14,93,3,-107.453,2,-122.997,4,4,20,0,-999,-999,0
36.5,14,93,3,-107.453,1,-124.255,10,10,20,0,-999,-999,0
36.5,19,25,2,-114.992,3,-106.047,12,12,20,0,-999,-999,3
36.5,19,25,2,-114.992,1,-120.395,10,10,20,0,-999,-999,3
36.5,19,25,2,-114.992,4,-127.482,8,8,20,0,-999,-999,3
36.5,21,70,1,-113.697,2,-76.6831,4,4,20,0,-999,-999,0
36.5,21,70,1,-113.697,4,-128.21,8,8,20,0,-999,-999,0
36.5,21,70,1,-113.697,3,-130.762,12,13,20,0,-999,-999,0
36.5,24,67,1,-89.8747,3,-117.73,12,13,20,0,-999,-999,0
36.5,24,67,1,-89.8747,4,-124.768,8,8,20,0,-999,-999,0
36.5,24,67,1,-89.8747,2,-128.871,4,4,20,0,-999,-999,0
36.5,27,9,2,-101.487,1,-107.701,10,10,20,0,-999,-999,0
36.5,27,9,2,-101.487,3,-120.789,12,13,20,0,-999,-999,0
36.5,27,9,2,-101.487,4,-126.048,8,8,20,0,-999,-999,0
36.5,30,8,4,-78.8187,1,-127.755,10,10,20,0,-999,-999,0
36.5,30,8,4,-78.8187,3,-133.604,12,13,20,0,-999,-999,0
36.5,30,8,4,-78.8187,2,-137.126,4,4,20,0,-999,-999,0
36.5,31,24,4,-77.0408,1,-120.001,10,10,20,0,-999,-999,0
36.5,31,24,4,-77.0408,2,-128.611,4,4,20,0,-999,-999,0
36.5,31,24,4,-77.0408,3,-140.4,12,13,20,0,-999,-999,0
36.5,34,68,4,-113.819,3,-106.616,12,13,20,0,-999,-999,3
36.5,34,68,4,-113.819,1,-108.022,10,10,20,0,-999,-999,3
36.5,34,68,4,-113.819,2,-138.497,4,4,20,0,-999,-999,3
36.5,36,60,1,-119.903,4,-123.059,8,8,20,0,-999,-999,0
36.5,36,60,1,-119.903,2,-123.388,4,4,20,0,-999,-999,0
36.5,36,60,1,-119.903,3,-130.232,12,14,20,0,-999,-999,0
36.5,40,41,3,-81.993,1,-95.0692,10,10,20,0,-999,-999,0
36.5,40,41,3,-81.993,2,-114.335,4,4,20,0,-999,-999,0
36.5,40,41,3,-81.993,4,-116.881,8,8,20,0,-999,-999,0
36.5,46,33,4,-98.1369,2,-118.83,4,4,20,0,-999,-999,0
36.5,46,33,4,-98.1369,3,-126.263,12,14,20,0,-999,-999,0
36.5,46,33,4,-98.1369,1,-128.916,10,10,20,0,-999,-999,0
36.5,48,16,4,-106.308,3,-107.724,12,14,20,0,-999,-999,0
36.5,48,16,4,-106.308,2,-132.233,4,4,20,0,-999,-999,0
36.5,48,16,4,-106.308,1,-137.908,10,10,20,0,-999,-999,0
36.5,56,66,3,-116.177,4,-103.445,8,8,20,0,-999,-999,0
36.5,56,66,3,-116.177,1,-135.917,10,10,20,0,-999,-999,0
36.5,56,66,3,-116.177,2,-139.135,4,4,20,0,-999,-999,0
36.5,57,51,1,-118.203,2,-102.016,4,4,20,0,-999,-999,2
36.5,57,51,1,-118.203,4,-115.334,8,8,20,0,-999,-999,2
36.5,57,51,1,-118.203,3,-126.177,12,14,20,0,-999,-999,2
36.5,62,95,3,-118.921,4,-126.539,8,8,20,0,-999,-999,0
36.5,62,95,3,-118.921,1,-135.253,10,10,20,0,-999,-999,0
36.5,62,95,3,-118.921,2,-143.333,4,5,20,0,-999,-999,0
36.5,75,32,1,-106.573,2,-90.9157,4,5,20,0,-999,-999,0
36.5,75,32,1,-106.573,4,-126.351,8,8,20,0,-999,-999,0
36.5,75,32,1,-106.573,3,-134.475,12,14,20,0,-999,-999,0
36.5,76,16,1,-91.4838,2,-94.7033,4,5,20,0,-999,-999,0
36.5,76,16,1,-91.4838,3,-117.309,12,14,20,0,-999,-999,0
36.5,76,16,1,-91.4838,4,-135.851,8,8,20,0,-999,-999,0
36.5,77,96,3,-114.566,4,-82.2673,8,8,20,0,-999,-999,0
36.5,77,96,3,-114.566,1,-98.6876,10,10,20,0,-999,-999,0
36.5,77,96,3,-114.566,2,-133.526,4,5,20,0,-999,-999,0
36.5,81,35,2,-99.985,1,-112.838,10,10,20,0,-999,-999,0
36.5,81,35,2,-99.985,4,-123.656,8,8,20,0,-999,-999,0
36.5,81,35,2,-99.985,3,-138.092,12,14,20,0,-999,-999,0
36.5,85,78,1,-127.04,3,-103.985,12,14,20,0,-999,-999,0
36.5,85,78,1,-127.04,2,-106.676,4,5,20,0,-999,-999,0
36.5,85,78,1,-127.04,4,-108.722,8,8,20,0,-999,-999,0
36.5,90,75,3,-107.803,4,-106.054,8,8,20,0,-999,-999,0
36.5,90,75,3,-107.803,1,-125.34,10,10,20,0,-999,-999,0
36.5,90,75,3,-107.803,2,-133.031,4,5,20,0,-999,-999,0
36.5,91,69,4,-113.735,3,-111.199,12,14,20,0,-999,-999,0
36.5,91,69,4,-113.735,1,-132.757,10,10,20,0,-999,-999,0
36.5,91,69,4,-113.735,2,-134.55,4,5,20,0,-999,-999,0
36.5,93,66,4,-86.8168,3,-123.908,12,14,20,0,-999,-999,0
36.5,93,66,4,-86.8168,2,-130.031,4,5,20,0,-999,-999,0
36.5,93,66,4,-86.8168,1,-131.031,10,10,20,0,-999,-999,0
36.5,97,92,3,-97.6543,4,-94.4365,8,8,20,0,-999,-999,0
36.5,97,92,3,-97.6543,1,-113.48,10,10,20,0,-999,-999,0
36.5,97,92,3,-97.6543,2,-139.249,4,5,20,0,-999,-999,0
36.5,98,91,3,-98.525,4,-120.374,8,8,20,0,-999,-999,0
36.5,98,91,3,-98.525,2,-123.592,4,5,20,0,-999,-999,0
36.5,98,91,3,-98.525,1,-131.132,10,10,20,0,-999,-999,0
36.5,101,70,4,-124.722,3,-109.498,12,14,20,0,-999,-999,0
36.5,101,70,4,-124.722,2,-136.409,4,5,20,0,-999,-999,0
36.5,101,70,4,-124.722,1,-139.052,10,10,20,0,-999,-999,0
36.5,102,40,1,-113.098,2,-99.9931,4,5,20,0,-999,-999,0
36.5,102,40,1,-113.098,4,-120.649,8,8,20,0,-999,-999,0
36.5,102,40,1,-113.098,3,-142.95,12,14,20,0,-999,-999,0
36.5,104,43,2,-111.042,4,-108.244,8,8,20,0,-999,-999,4
36.5,104,43,2,-111.042,1,-115.61,10,10,20,0,-999,-999,4
36.5,104,43,2,-111.042,3,-127.596,12,14,20,0,-999,-999,4
38.5,5,94,3,-108.439,1,-89.1354,9,9,20,0,-999,-999,0
38.5,5,94,3,-108.439,4,-90.1201,8,8,20,0,-999,-999,0
38.5,5,94,3,-108.439,2,-119.115,3,3,20,0,-999,-999,0
38.5,6,79,1,-118.695,2,-99.7658,3,3,20,0,-999,-999,0
38.5,6,79,1,-118.695,4,-126.564,8,8,20,0,-999,-999,0
38.5,6,79,1,-118.695,3,-139.864,14,14,20,0,-999,-999,0
38.5,9,90,3,-67.0407,4,-111.728,8,8,20,0,-999,-999,0
38.5,9,90,3,-67.0407,2,-127.506,3,3,20,0,-999,-999,0
38.5,9,90,3,-67.0407,1,-138.037,9,9,20,0,-999,-999,0
38.5,11,69,1,-81.2455,2,-90.0789,3,3,20,0,-999,-999,0
38.5,11,69,1,-81.2455,4,-107.213,8,8,20,0,-999,-999,0
38.5,11,69,1,-81.2455,3,-108.158,14,14,20,0,-999,-999,0
38.5,12,8,3,-108.131,4,-103.864,8,8,20,0,-999,-999,0
38.5,12,8,3,-108.131,1,-130.999,9,9,20,0,-999,-999,0
38.5,12,8,3,-108.131,2,-144.896,3,3,20,0,-999,-999,0
38.5,14,93,3,-121.047,2,-97.9298,3,3,20,0,-999,-999,0
38.5,14,93,3,-121.047,4,-105.656,8,8,20,0,-999,-999,0
38.5,14,93,3,-121.047,1,-114.748,9,9,20,0,-999,-999,0
38.5,19,105,3,-126.272,1,-90.8523,9,9,20,0,-999,-999,0
38.5,19,105,3,-126.272,4,-108.292,8,8,20,0,-999,-999,0
38.5,19,105,3,-126.272,2,-116.043,3,3,20,0,-999,-999,0
38.5,21,70,1,-113.824,2,-119.215,3,3,20,0,-999,-999,0
38.5,21,70,1,-113.824,4,-125.891,8,8,20,0,-999,-999,0
38.5,21,70,1,-113.824,3,-134.92,14,14,20,0,-999,-999,0
38.5,24,67,1,-89.9851,3,-105.276,14,14,20,0,-999,-999,0
38.5,24,67,1,-89.9851,4,-126.504,8,8,20,0,-999,-999,0
38.5,24,67,1,-89.9851,2,-126.766,3,3,20,0,-999,-999,0
38.5,27,9,2,-80.6785,1,-107.182,9,9,20,0,-999,-999,0
38.5,27,9,2,-80.6785,4,-114.939,8,8,20,0,-999,-999,0
38.5,27,9,2,-80.6785,3,-133.427,14,14,20,0,-999,-999,0
38.5,30,8,4,-98.634,3,-132.947,14,14,20,0,-999,-999,0
38.5,30,8,4,-98.634,1,-133.024,9,9,20,0,-999,-999,0
38.5,30,8,4,-98.634,2,-135.635,3,3,20,0,-999,-999,0
38.5,31,24,4,-95.6807,2,-115.181,3,3,20,0,-999,-999,0
38.5,31,24,4,-95.6807,1,-119.16,9,9,20,0,-999,-999,0
38.5,31,24,4,-95.6807,3,-138.087,14,14,20,0,-999,-999,0
38.5,34,106,3,-94.2738,4,-108.159,8,8,20,0,-999,-999,0
38.5,34,106,3,-94.2738,1,-131.345,9,9,20,0,-999,-999,0
38.5,34,106,3,-94.2738,2,-133.564,3,3,20,0,-999,-999,0
38.5,36,60,1,-87.5881,2,-83.5214,3,3,20,0,-999,-999,0
38.5,36,60,1,-87.5881,3,-112.247,14,14,20,0,-999,-999,0
38.5,36,60,1,-87.5881,4,-118.882,8,8,20,0,-999,-999,0
38.5,40,41,3,-121.938,4,-110.645,8,8,20,0,-999,-999,0
38.5,40,41,3,-121.938,2,-111.894,3,3,20,0,-999,-999,0
38.5,40,41,3,-121.938,1,-120.47,9,9,20,0,-999,-999,0
38.5,46,33,4,-69.464,1,-130.008,9,9,20,0,-999,-999,0
38.5,46,33,4,-69.464,3,-130.807,14,14,20,0,-999,-999,0
38.5,46,33,4,-69.464,2,-135.712,3,3,20,0,-999,-999,0
38.5,48,16,4,-72.7373,3,-123.838,14,14,20,0,-999,-999,0
38.5,48,16,4,-72.7373,2,-133.633,3,3,20,0,-999,-999,0
38.5,48,16,4,-72.7373,1,-135.929,9,9,20,0,-999,-999,0
38.5,56,66,3,-90.7104,4,-103.227,8,8,20,0,-999,-999,0
38.5,56,66,3,-90.7104,1,-131.884,9,9,20,0,-999,-999,0
38.5,56,66,3,-90.7104,2,-138.995,3,3,20,0,-999,-999,0
38.5,57,45,2,-116.068,4,-116.253,8,8,20,0,-999,-999,0
38.5,57,45,2,-116.068,1,-121.084,9,9,20,0,-999,-999,0
38.5,57,45,2,-116.068,3,-121.611,14,14,20,0,-999,-999,0
38.5,62,95,3,-119.882,4,-87.4155,8,8,20,0,-999,-999,0
38.5,62,95,3,-119.882,1,-107.367,9,9,20,0,-999,-999,0
38.5,62,95,3,-119.882,2,-122.069,3,3,20,0,-999,-999,0
38.5,75,32,1,-104.802,2,-116.016,3,3,20,0,-999,-999,0
38.5,75,32,1,-104.802,4,-125.564,8,8,20,0,-999,-999,0
38.5,75,32,1,-104.802,3,-131.001,14,14,20,0,-999,-999,0
38.5,76,16,1,-90.8002,2,-105.756,3,3,20,0,-999,-999,0
38.5,76,16,1,-90.8002,4,-119.328,8,8,20,0,-999,-999,0
38.5,76,16,1,-90.8002,3,-138.959,14,14,20,0,-999,-999,0
38.5,77,96,3,-116.554,4,-104.107,8,8,20,0,-999,-999,4
38.5,77,96,3,-116.554,2,-106.324,3,3,20,0,-999,-999,4
38.5,77,96,3,-116.554,1,-119.492,9,9,20,0,-999,-999,4
38.5,81,35,2,-105.918,1,-105.785,9,9,20,0,-999,-999,0
38.5,81,35,2,-105.918,4,-107.655,8,9,20,0,-999,-999,0
38.5,81,35,2,-105.918,3,-138.353,14,14,20,0,-999,-999,0
38.5,85,78,1,-126.625,3,-120.209,14,14,20,0,-999,-999,0
38.5,85,78,1,-126.625,2,-120.329,3,3,20,0,-999,-999,0
38.5,85,78,1,-126.625,4,-123.222,8,9,20,0,-999,-999,0
38.5,90,75,3,-110.108,1,-116.213,9,9,20,0,-999,-999,0
38.5,90,75,3,-110.108,4,-125.621,8,9,20,0,-999,-999,0
38.5,90,75,3,-110.108,2,-133.041,3,3,20,0,-999,-999,0
38.5,91,69,4,-114.031,1,-103.055,9,9,20,0,-999,-999,0
38.5,91,69,4,-114.031,3,-106.318,14,14,20,0,-999,-999,0
38.5,91,69,4,-114.031,2,-138.891,3,3,20,0,-999,-999,0
38.5,93,66,4,-111.017,3,-119.774,14,14,20,0,-999,-999,0
38.5,93,66,4,-111.017,2,-130.58,3,3,20,0,-999,-999,0
38.5,93,66,4,-111.017,1,-133.169,9,9,20,0,-999,-999,0
38.5,97,92,3,-92.636,2,-102.986,3,3,20,0,-999,-999,0
38.5,97,92,3,-92.636,4,-122.401,8,9,20,0,-999,-999,0
38.5,97,92,3,-92.636,1,-136.327,9,9,20,0,-999,-999,0
38.5,98,91,3,-114.536,4,-115.073,8,9,20,0,-999,-999,0
38.5,98,91,3,-114.536,2,-122.403,3,3,20,0,-999,-999,0
38.5,98,91,3,-114.536,1,-133.987,9,9,20,0,-999,-999,0
38.5,99,104,3,-120.698,4,-102.613,8,9,20,0,-999,-999,0
38.5,99,104,3,-120.698,1,-108.377,9,9,20,0,-999,-999,0
38.5,99,104,3,-120.698,2,-141.356,3,3,20,0,-999,-999,0
38.5,101,70,4,-120.166,3,-78.45,14,14,20,0,-999,-999,3
38.5,101,70,4,-120.166,2,-102.507,3,3,20,0,-999,-999,3
38.5,101,70,4,-120.166,1,-129.598,9,9,20,0,-999,-999,3
38.5,102,40,1,-84.2327,2,-96.7408,3,3,20,0,-999,-999,0
38.5,102,40,1,-84.2327,4,-128.964,8,9,20,0,-999,-999,0
38.5,102,40,1,-84.2327,3,-138.434,14,15,20,0,-999,-999,0
38.5,104,71,4,-125.896,2,-91.475,3,3,20,0,-999,-999,0
38.5,104,71,4,-125.896,1,-110.633,9,