DataStatus,UavIndex,TimeS,EastM,NorthM
SYNTHETIC_LITERATURE_INFORMED_NOT_NS3_RESULTS,1,12,-85.0,55.0
SYNTHETIC_LITERATURE_INFORMED_NOT_NS3_RESULTS,1,14,-104.14256053284153,77.15955152519305
SYNTHETIC_LITERATURE_INFORMED_NOT_NS3_RESULTS,1,16,-123.36593587010518,98.89686834174968
SYNTHETIC_LITERATURE_INFORMED_NOT_NS3_RESULTS,1,18,-142.7487363990169,119.83547142336086
SYNTHETIC_LITERATURE_INFORMED_NOT_NS3_RESULTS,1,20,-162.36522380316495,139.6854347702193
SYNTHETIC_LITERATURE_INFORMED_NOT_NS3_RESULTS,1,22,-182.28328539735733,158.27480338976426
SYNTHETIC_LITERATURE_INFORMED_NOT_NS3_RESULTS,1,24,-202.5625823386429,175.56822728828172
SYNTHETIC_LITERATURE_INFORMED_NOT_NS3_RESULTS,1,26,-223.2529222254721,191.67079219123548
SYNTHETIC_LITERATURE_INFORMED_NOT_NS3_RESULTS,1,28,-244.3929004762499,206.8166318743396
SYNTHETIC_LITERATURE_INFORMED_NOT_NS3_RESULTS,1,30,-266.00884754693254,221.34355613600036
SYNTHETIC_LITERATURE_INFORMED_NOT_NS3_RESULTS,1,32,-288.1141107048273,235.6564438639996
SYNTHETIC_LITERATURE_INFORMED_NOT_NS3_RESULTS,1,34,-310.7086899499342,250.1833681256604
SYNTHETIC_LITERATURE_INFORMED_NOT_NS3_RESULTS,1,36,-333.7792380149458,265.3292078087645
SYNTHETIC_LITERATURE_INFORMED_NOT_NS3_RESULTS,1,38,-357.29942444390605,281.4317727117182
SYNTHETIC_LITERATURE_INFORMED_NOT_NS3_RESULTS,1,40,-381.2306538184099,298.72519661023574
SYNTHETIC_LITERATURE_INFORMED_NOT_NS3_RESULTS,1,42,-405.52311854000703,317.3145652297806
SYNTHETIC_LITERATURE_INFORMED_NOT_NS3_RESULTS,1,44,-430.11715745164844,337.1645285766391
SYNTHETIC_LITERATURE_INFORMED_NOT_NS3_RESULTS,1,46,-454.9448832385262,358.1031316582502
SYNTHETIC_LITERATURE_INFORMED_NOT_NS3_RESULTS,1,48,-479.932034217052,379.8404484748069
SYNTHETIC_LITERATURE_INFORMED_NOT_NS3_RESULTS,1,50,-505.0,402.0
SYNTHETIC_LITERATURE_INFORMED_NOT_NS3_RESULTS,2,12,50.14647772654214,90.0
SYNTHETIC_LITERATURE_INFORMED_NOT_NS3_RESULTS,2,14,76.83139369080236,108.45820393249937
SYNTHETIC_LITERATURE_INFORMED_NOT_NS3_RESULTS,2,16,103.11048304378536,126.55342302750968
SYNTHETIC_LITERATURE_INFORMED_NOT_NS3_RESULTS,2,18,128.96086852214995,143.95820393249937
SYNTHETIC_LITERATURE_INFORMED_NOT_NS3_RESULTS,2,20,154.37022897473457,160.41267819554184
SYNTHETIC_LITERATURE_INFORMED_NOT_NS3_RESULTS,2,22,179.33710275019055,175.75
SYNTHETIC_LITERATURE_INFORMED_NOT_NS3_RESULTS,2,24,203.87092368768924,189.91267819554184
SYNTHETIC_LITERATURE_INFORMED_NOT_NS3_RESULTS,2,26,227.99178882449237,202.95820393249937
SYNTHETIC_LITERATURE_INFORMED_NOT_NS3_RESULTS,2,28,251.7299635401966,215.05342302750967
SYNTHETIC_LITERATURE_INFORMED_NOT_NS3_RESULTS,2,30,275.1251363226427,226.45820393249937
SYNTHETIC_LITERATURE_INFORMED_NOT_NS3_RESULTS,2,32,298.2254415056265,237.5
SYNTHETIC_LITERATURE_INFORMED_NOT_NS3_RESULTS,2,34,321.08627404185194,248.54179606750066
SYNTHETIC_LITERATURE_INFORMED_NOT_NS3_RESULTS,2,36,343.76892549535035,259.94657697249033
SYNTHETIC_LITERATURE_INFORMED_NOT_NS3_RESULTS,2,38,366.3390748397588,272.0417960675006
SYNTHETIC_LITERATURE_INFORMED_NOT_NS3_RESULTS,2,40,388.86517122401347,285.08732180445816
SYNTHETIC_LITERATURE_INFORMED_NOT_NS3_RESULTS,2,42,411.41674852713265,299.25
SYNTHETIC_LITERATURE_INFORMED_NOT_NS3_RESULTS,2,44,434.06271320334616,314.58732180445816
SYNTHETIC_LITERATURE_INFORMED_NOT_NS3_RESULTS,2,46,456.8696475765043,331.0417960675007
SYNTHETIC_LITERATURE_INFORMED_NOT_NS3_RESULTS,2,48,479.9001703622908,348.44657697249033
SYNTHETIC_LITERATURE_INFORMED_NOT_NS3_RESULTS,2,50,503.2113947876232,366.5417960675006
SYNTHETIC_LITERATURE_INFORMED_NOT_NS3_RESULTS,2,52,526.8535222734579,385.0
SYNTHETIC_LITERATURE_INFORMED_NOT_NS3_RESULTS,3,12,81.36735368286227,-75.0
SYNTHETIC_LITERATURE_INFORMED_NOT_NS3_RESULTS,3,14,95.5946192744266,-94.90039412340124
SYNTHETIC_LITERATURE_INFORMED_NOT_NS3_RESULTS,3,16,109.32087628143067,-115.38624051153543
SYNTHETIC_LITERATURE_INFORMED_NOT_NS3_RESULTS,3,18,122.61954796496063,-136.96392285668043
SYNTHETIC_LITERATURE_INFORMED_NOT_NS3_RESULTS,3,20,135.57861849146158,-159.9923663550478
SYNTHETIC_LITERATURE_INFORMED_NOT_NS3_RESULTS,3,22,148.29763673747445,-184.6345628701615
SYNTHETIC_LITERATURE_INFORMED_NOT_NS3_RESULTS,3,24,160.88432627204125,-210.83555797851946
SYNTHETIC_LITERATURE_INFORMED_NOT_NS3_RESULTS,3,26,173.4509169597615,-238.32987286900115
SYNTHETIC_LITERATURE_INFORMED_NOT_NS3_RESULTS,3,28,186.11032310735814,-266.6773587273776
SYNTHETIC_LITERATURE_INFORMED_NOT_NS3_RESULTS,3,30,198.97229830238794,-295.3226412726224
SYNTHETIC_LITERATURE_INFORMED_NOT_NS3_RESULTS,3,32,212.1396978864521,-323.6701271309989
SYNTHETIC_LITERATURE_INFORMED_NOT_NS3_RESULTS,3,34,225.70497633989942,-351.16444202148057
SYNTHETIC_LITERATURE_INFORMED_NOT_NS3_RESULTS,3,36,239.74703885538494,-377.36543712983854
SYNTHETIC_LITERATURE_INFORMED_NOT_NS3_RESULTS,3,38,254.32855431617062,-402.00763364495214
SYNTHETIC_LITERATURE_INFORMED_NOT_NS3_RESULTS,3,40,269.4938211824684,-425.0360771433196
SYNTHETIC_LITERATURE_INFORMED_NOT_NS3_RESULTS,3,42,285.2672589605084,-446.61375948846455
SYNTHETIC_LITERATURE_INFORMED_NOT_NS3_RESULTS,3,44,301.652576625542,-467.09960587659884
SYNTHETIC_LITERATURE_INFORMED_NOT_NS3_RESULTS,3,46,318.63264631713776,-487.0
