DataStatus,PointType,Index,EastM,NorthM
SYNTHETIC_LITERATURE_INFORMED_NOT_NS3_RESULTS,OtherUE,0,10.551101665994548,58.39725240822489
SYNTHETIC_LITERATURE_INFORMED_NOT_NS3_RESULTS,OtherUE,1,41.95707657783226,133.0963819146639
SYNTHETIC_LITERATURE_INFORMED_NOT_NS3_RESULTS,OtherUE,2,-40.09095935347254,66.68622613137671
SYNTHETIC_LITERATURE_INFORMED_NOT_NS3_RESULTS,OtherUE,3,43.56037144022155,10.006853160466402
SYNTHETIC_LITERATURE_INFORMED_NOT_NS3_RESULTS,OtherUE,4,-95.57593957573856,16.152706918320085
SYNTHETIC_LITERATURE_INFORMED_NOT_NS3_RESULTS,OtherUE,5,137.59132831181793,120.94333079285575
SYNTHETIC_LITERATURE_INFORMED_NOT_NS3_RESULTS,OtherUE,6,192.1417855087481,-232.75679521514343
SYNTHETIC_LITERATURE_INFORMED_NOT_NS3_RESULTS,OtherUE,7,-50.761172220861546,-2.8408838020510534
SYNTHETIC_LITERATURE_INFORMED_NOT_NS3_RESULTS,OtherUE,8,-15.548841659745296,-90.30424432931096
SYNTHETIC_LITERATURE_INFORMED_NOT_NS3_RESULTS,OtherUE,9,60.1849219011019,-80.91250103710226
SYNTHETIC_LITERATURE_INFORMED_NOT_NS3_RESULTS,OtherUE,10,103.55273439121167,83.50157203791171
SYNTHETIC_LITERATURE_INFORMED_NOT_NS3_RESULTS,OtherUE,11,73.29891897717799,90.51802224170898
SYNTHETIC_LITERATURE_INFORMED_NOT_NS3_RESULTS,OtherUE,12,-127.52280200684723,38.879937034315944
SYNTHETIC_LITERATURE_INFORMED_NOT_NS3_RESULTS,OtherUE,13,198.76131715608196,-76.88372182948582
SYNTHETIC_LITERATURE_INFORMED_NOT_NS3_RESULTS,OtherUE,14,177.5992669920481,135.64372140070373
SYNTHETIC_LITERATURE_INFORMED_NOT_NS3_RESULTS,OtherUE,15,-232.12869217521333,20.757517506244504
SYNTHETIC_LITERATURE_INFORMED_NOT_NS3_RESULTS,OtherUE,16,30.36938614886841,-13.00562591681791
SYNTHETIC_LITERATURE_INFORMED_NOT_NS3_RESULTS,OtherUE,17,14.92269890980521,-132.3859206515278
SYNTHETIC_LITERATURE_INFORMED_NOT_NS3_RESULTS,OtherUE,18,53.35772956628821,15.063989479237227
SYNTHETIC_LITERATURE_INFORMED_NOT_NS3_RESULTS,OtherUE,19,-5.468100784912033,-2.1153994078226255
SYNTHETIC_LITERATURE_INFORMED_NOT_NS3_RESULTS,OtherUE,20,30.426343174022488,-43.92993518654001
SYNTHETIC_LITERATURE_INFORMED_NOT_NS3_RESULTS,OtherUE,21,38.177549272146905,103.18573557665998
SYNTHETIC_LITERATURE_INFORMED_NOT_NS3_RESULTS,OtherUE,22,-11.337547562203707,105.38746760150867
SYNTHETIC_LITERATURE_INFORMED_NOT_NS3_RESULTS,OtherUE,23,-62.28586350548302,-152.66669896354017
SYNTHETIC_LITERATURE_INFORMED_NOT_NS3_RESULTS,OtherUE,24,-137.88674761150352,21.408204273421706
SYNTHETIC_LITERATURE_INFORMED_NOT_NS3_RESULTS,OtherUE,25,6.216770463539619,5.879739615610487
SYNTHETIC_LITERATURE_INFORMED_NOT_NS3_RESULTS,OtherUE,26,45.093884816735226,2.3047943877140367
SYNTHETIC_LITERATURE_INFORMED_NOT_NS3_RESULTS,OtherUE,27,132.65861411061098,-143.2528571617569
SYNTHETIC_LITERATURE_INFORMED_NOT_NS3_RESULTS,OtherUE,28,69.46835878028942,13.678523092203198
SYNTHETIC_LITERATURE_INFORMED_NOT_NS3_RESULTS,OtherUE,29,43.55893046684532,100.98237717936524
SYNTHETIC_LITERATURE_INFORMED_NOT_NS3_RESULTS,OtherUE,30,-192.97164529093564,57.89867075754765
SYNTHETIC_LITERATURE_INFORMED_NOT_NS3_RESULTS,OtherUE,31,47.05824731185931,-50.7356191781407
SYNTHETIC_LITERATURE_INFORMED_NOT_NS3_RESULTS,OtherUE,32,64.49313120351171,197.56556106267965
SYNTHETIC_LITERATURE_INFORMED_NOT_NS3_RESULTS,OtherUE,33,-252.69178300835657,72.33760317407159
SYNTHETIC_LITERATURE_INFORMED_NOT_NS3_RESULTS,OtherUE,34,34.00424061621946,18.912188687758487
SYNTHETIC_LITERATURE_INFORMED_NOT_NS3_RESULTS,OtherUE,35,-29.30574831436346,-1.8834815841548838
SYNTHETIC_LITERATURE_INFORMED_NOT_NS3_RESULTS,OtherUE,36,13.387535106446506,-54.20378751928762
SYNTHETIC_LITERATURE_INFORMED_NOT_NS3_RESULTS,OtherUE,37,-175.84194348982476,173.0844725016474
SYNTHETIC_LITERATURE_INFORMED_NOT_NS3_RESULTS,OtherUE,38,346.04828066211985,-145.7918858631925
SYNTHETIC_LITERATURE_INFORMED_NOT_NS3_RESULTS,OtherUE,39,-174.37921778838728,-87.46691406804462
SYNTHETIC_LITERATURE_INFORMED_NOT_NS3_RESULTS,OtherUE,40,48.90030353543066,-26.811978001366057
SYNTHETIC_LITERATURE_INFORMED_NOT_NS3_RESULTS,OtherUE,41,-35.39162978479571,13.625323255569118
SYNTHETIC_LITERATURE_INFORMED_NOT_NS3_RESULTS,OtherUE,42,56.27746580055985,-55.768091904493126
SYNTHETIC_LITERATURE_INFORMED_NOT_NS3_RESULTS,OtherUE,43,87.92058886394776,-52.938516281603476
SYNTHETIC_LITERATURE_INFORMED_NOT_NS3_RESULTS,OtherUE,44,-157.8759552997756,185.5946434726787
SYNTHETIC_LITERATURE_INFORMED_NOT_NS3_RESULTS,OtherUE,45,74.01652721571742,-54.209002727476125
SYNTHETIC_LITERATURE_INFORMED_NOT_NS3_RESULTS,OtherUE,46,13.361441396305409,-156.10799113689782
SYNTHETIC_LITERATURE_INFORMED_NOT_NS3_RESULTS,OtherUE,47,39.91840055083595,88.51857528911404
SYNTHETIC_LITERATURE_INFORMED_NOT_NS3_RESULTS,OtherUE,48,9.522006184061226,35.89547769155294
SYNTHETIC_LITERATURE_INFORMED_NOT_NS3_RESULTS,OtherUE,49,-223.4607378380548,203.02949962634395
SYNTHETIC_LITERATURE_INFORMED_NOT_NS3_RESULTS,OtherUE,50,32.35443502463314,139.0874556206484
SYNTHETIC_LITERATURE_INFORMED_NOT_NS3_RESULTS,OtherUE,51,133.07614896015446,-2.0342439475224228
SYNTHETIC_LITERATURE_INFORMED_NOT_NS3_RESULTS,OtherUE,52,20.544849957514884,-63.975193333339874
SYNTHETIC_LITERATURE_INFORMED_NOT_NS3_RESULTS,OtherUE,53,-39.179336578263104,-63.337216629255614
SYNTHETIC_LITERATURE_INFORMED_NOT_NS3_RESULTS,OtherUE,54,-3.1384884521780996,135.24502250436075
SYNTHETIC_LITERATURE_INFORMED_NOT_NS3_RESULTS,OtherUE,55,52.409610457799026,-81.11523015065379
SYNTHETIC_LITERATURE_INFORMED_NOT_NS3_RESULTS,OtherUE,56,-233.58729285456377,-166.2062980400128
SYNTHETIC_LITERATURE_INFORMED_NOT_NS3_RESULTS,OtherUE,57,-138.8826089621356,23.47205243942535
SYNTHETIC_LITERATURE_INFORMED_NOT_NS3_RESULTS,OtherUE,58,-77.21988989475248,-17.72354756658641
SYNTHETIC_LITERATURE_INFORMED_NOT_NS3_RESULTS,OtherUE,59,-143.57134372303196,29.579367669566636
SYNTHETIC_LITERATURE_INFORMED_NOT_NS3_RESULTS,PersistentDemand,60,-540.9341842673884,447.50334472154844
SYNTHETIC_LITERATURE_INFORMED_NOT_NS3_RESULTS,PersistentDemand,61,-492.38807395962095,473.0638433240696
SYNTHETIC_LITERATURE_INFORMED_NOT_NS3_RESULTS,OtherUE,62,-542.6273049237825,402.4784923501489
SYNTHETIC_LITERATURE_INFORMED_NOT_NS3_RESULTS,PersistentDemand,63,-462.07087937300923,450.489843449257
SYNTHETIC_LITERATURE_INFORMED_NOT_NS3_RESULTS,PersistentDemand,64,-564.9065279206883,445.9453307920365
SYNTHETIC_LITERATURE_INFORMED_NOT_NS3_RESULTS,OtherUE,65,-617.1887628463699,442.80966337843114
SYNTHETIC_LITERATURE_INFORMED_NOT_NS3_RESULTS,OtherUE,66,-598.9252433457716,363.24437824878635
SYNTHETIC_LITERATURE_INFORMED_NOT_NS3_RESULTS,OtherUE,67,-602.4712678806866,458.06824898631623
SYNTHETIC_LITERATURE_INFORMED_NOT_NS3_RESULTS,PersistentDemand,68,464.4978327996944,460.85317628068964
SYNTHETIC_LITERATURE_INFORMED_NOT_NS3_RESULTS,PersistentDemand,69,439.0248347854864,341.4342419164336
SYNTHETIC_LITERATURE_INFORMED_NOT_NS3_RESULTS,PersistentDemand,70,446.6406612047947,313.81319269830027
SYNTHETIC_LITERATURE_INFORMED_NOT_NS3_RESULTS,OtherUE,71,595.935101755982,301.1163073209668
SYNTHETIC_LITERATURE_INFORMED_NOT_NS3_RESULTS,PersistentDemand,72,427.0670995245278,220.26681037961507
SYNTHETIC_LITERATURE_INFORMED_NOT_NS3_RESULTS,OtherUE,73,572.2215245664182,322.043790983302
SYNTHETIC_LITERATURE_INFORMED_NOT_NS3_RESULTS,PersistentDemand,74,487.7445984066861,257.303259945398
SYNTHETIC_LITERATURE_INFORMED_NOT_NS3_RESULTS,PersistentDemand,75,556.3320837335493,460.8176048441645
SYNTHETIC_LITERATURE_INFORMED_NOT_NS3_RESULTS,OtherUE,76,572.5722563444677,444.18618605811827
SYNTHETIC_LITERATURE_INFORMED_NOT_NS3_RESULTS,OtherUE,77,586.4974052691847,393.5089277068181
SYNTHETIC_LITERATURE_INFORMED_NOT_NS3_RESULTS,OtherUE,78,437.4697977725295,412.7459821998064
SYNTHETIC_LITERATURE_INFORMED_NOT_NS3_RESULTS,PersistentDemand,79,442.99687549504455,292.55592333656847
SYNTHETIC_LITERATURE_INFORMED_NOT_NS3_RESULTS,PersistentDemand,80,380.63348099974536,-549.3683806839787
SYNTHETIC_LITERATURE_INFORMED_NOT_NS3_RESULTS,OtherUE,81,331.09539427069075,-549.7231706794693
SYNTHETIC_LITERATURE_INFORMED_NOT_NS3_RESULTS,PersistentDemand,82,246.95494259224898,-447.43743243435006
SYNTHETIC_LITERATURE_INFORMED_NOT_NS3_RESULTS,OtherUE,83,238.40208179922095,-507.4600749994725
SYNTHETIC_LITERATURE_INFORMED_NOT_NS3_RESULTS,OtherUE,84,412.1473021104064,-494.899835568447
SYNTHETIC_LITERATURE_INFORMED_NOT_NS3_RESULTS,PersistentDemand,85,299.16378385048824,-508.89333139564246
SYNTHETIC_LITERATURE_INFORMED_NOT_NS3_RESULTS,OtherUE,86,321.15406716567963,-519.7787036176597
SYNTHETIC_LITERATURE_INFORMED_NOT_NS3_RESULTS,PersistentDemand,87,333.6645343237376,-462.0931134583634
SYNTHETIC_LITERATURE_INFORMED_NOT_NS3_RESULTS,PersistentDemand,88,328.514169799141,-544.7385884584678
SYNTHETIC_LITERATURE_INFORMED_NOT_NS3_RESULTS,OtherUE,89,377.4055761190478,-563.2636282378314
SYNTHETIC_LITERATURE_INFORMED_NOT_NS3_RESULTS,FusedDetection,0,-546.0210947619041,426.46795882688133
SYNTHETIC_LITERATURE_INFORMED_NOT_NS3_RESULTS,FusedDetection,1,-474.00052750500345,449.89747275754524
SYNTHETIC_LITERATURE_INFORMED_NOT_NS3_RESULTS,FusedDetection,2,-470.75563265068257,459.0834142415627
SYNTHETIC_LITERATURE_INFORMED_NOT_NS3_RESULTS,FusedDetection,3,462.43624406147455,448.54669972387796
SYNTHETIC_LITERATURE_INFORMED_NOT_NS3_RESULTS,FusedDetection,4,445.25583852255915,333.4833947602431
SYNTHETIC_LITERATURE_INFORMED_NOT_NS3_RESULTS,FusedDetection,5,444.65184133639,305.0622527887601
SYNTHETIC_LITERATURE_INFORMED_NOT_NS3_RESULTS,FusedDetection,6,418.88075990803304,228.11989284603976
SYNTHETIC_LITERATURE_INFORMED_NOT_NS3_RESULTS,FusedDetection,7,494.0137898748398,248.72782161367925
SYNTHETIC_LITERATURE_INFORMED_NOT_NS3_RESULTS,FusedDetection,8,556.9665262646704,447.5743861887039
SYNTHETIC_LITERATURE_INFORMED_NOT_NS3_RESULTS,FusedDetection,9,451.3647813899091,283.5547942970122
SYNTHETIC_LITERATURE_INFORMED_NOT_NS3_RESULTS,FusedDetection,10,377.50313986434253,-554.5607792266111
SYNTHETIC_LITERATURE_INFORMED_NOT_NS3_RESULTS,FusedDetection,11,216.81066074133608,-447.6088497247835
SYNTHETIC_LITERATURE_INFORMED_NOT_NS3_RESULTS,FusedDetection,12,296.1405333246923,-527.6615444191038
SYNTHETIC_LITERATURE_INFORMED_NOT_NS3_RESULTS,FusedDetection,13,335.9211313344722,-474.87164560444904
SYNTHETIC_LITERATURE_INFORMED_NOT_NS3_RESULTS,FusedDetection,14,333.9334518193848,-544.7161051989766
