Time,DeploymentMode,UavIndex,UavCellId,BestDonorCellId,BestDonorDistanceM,XhaulConnected,XhaulChannelVariationDb,XhaulRsrpDbm,XhaulState,XhaulDegradationActive,SatBackhaulDlSnrDb,SatBackhaulUlSnrDb,SatBackhaulHealthy,OnboardUavRicAvailable,OnboardUavRicState,BackhaulMode,ControlPath,ActiveUavRic,NormalUeHandoverAllowed,E2TxDelaySec,E2SendIntervalSec,LmQueryIntervalSec,UavMode
4.5,tn-uav,0,5,1,1451.84,1,0,-64.6796,HEALTHY,0,-999,-999,0,0,DISABLED,TN_DIRECT,TN_E2,TN_NEAR_RT_RIC,1,0.1,2,2,TN_CONTROLLED_COVERAGE_EXTENSION
4.5,tn-uav,1,6,4,629.258,1,0,-57.4178,HEALTHY,0,-999,-999,0,0,DISABLED,TN_DIRECT,TN_E2,TN_NEAR_RT_RIC,1,0.1,2,2,TN_CONTROLLED_COVERAGE_EXTENSION
4.5,tn-uav,2,7,2,765.017,1,0,-59.1146,HEALTHY,0,-999,-999,0,0,DISABLED,TN_DIRECT,TN_E2,TN_NEAR_RT_RIC,1,0.1,2,2,TN_CONTROLLED_COVERAGE_EXTENSION
6.5,tn-uav,0,5,1,1451.84,1,0,-64.6796,HEALTHY,0,-999,-999,0,0,DISABLED,TN_DIRECT,TN_E2,TN_NEAR_RT_RIC,1,0.1,2,2,TN_CONTROLLED_COVERAGE_EXTENSION
6.5,tn-uav,1,6,4,629.258,1,0,-57.4178,HEALTHY,0,-999,-999,0,0,DISABLED,TN_DIRECT,TN_E2,TN_NEAR_RT_RIC,1,0.1,2,2,TN_CONTROLLED_COVERAGE_EXTENSION
6.5,tn-uav,2,7,2,765.017,1,0,-59.1146,HEALTHY,0,-999,-999,0,0,DISABLED,TN_DIRECT,TN_E2,TN_NEAR_RT_RIC,1,0.1,2,2,TN_CONTROLLED_COVERAGE_EXTENSION
8.5,tn-uav,0,5,1,1451.84,1,0,-64.6796,HEALTHY,0,-999,-999,0,0,DISABLED,TN_DIRECT,TN_E2,TN_NEAR_RT_RIC,1,0.1,2,2,TN_CONTROLLED_COVERAGE_EXTENSION
8.5,tn-uav,1,6,4,629.258,1,0,-57.4178,HEALTHY,0,-999,-999,0,0,DISABLED,TN_DIRECT,TN_E2,TN_NEAR_RT_RIC,1,0.1,2,2,TN_CONTROLLED_COVERAGE_EXTENSION
8.5,tn-uav,2,7,2,765.572,1,0,-59.1209,HEALTHY,0,-999,-999,0,0,DISABLED,TN_DIRECT,TN_E2,TN_NEAR_RT_RIC,1,0.1,2,2,TN_CONTROLLED_COVERAGE_EXTENSION
10.5,tn-uav,0,5,1,1451.84,1,0,-64.6796,HEALTHY,0,-999,-999,0,0,DISABLED,TN_DIRECT,TN_E2,TN_NEAR_RT_RIC,1,0.1,2,2,TN_CONTROLLED_COVERAGE_EXTENSION
10.5,tn-uav,1,6,4,643.166,1,0,-57.6077,HEALTHY,0,-999,-999,0,0,DISABLED,TN_DIRECT,TN_E2,TN_NEAR_RT_RIC,1,0.1,2,2,TN_CONTROLLED_COVERAGE_EXTENSION
10.5,tn-uav,2,7,2,766.665,1,0,-59.1333,HEALTHY,0,-999,-999,0,0,DISABLED,TN_DIRECT,TN_E2,TN_NEAR_RT_RIC,1,0.1,2,2,TN_CONTROLLED_COVERAGE_EXTENSION
12.5,tn-uav,0,5,1,1451.84,1,0,-64.6796,HEALTHY,0,-999,-999,0,0,DISABLED,TN_DIRECT,TN_E2,TN_NEAR_RT_RIC,1,0.1,2,2,TN_CONTROLLED_COVERAGE_EXTENSION
12.5,tn-uav,1,6,4,660.753,1,0,-57.842,HEALTHY,0,-999,-999,0,0,DISABLED,TN_DIRECT,TN_E2,TN_NEAR_RT_RIC,1,0.1,2,2,TN_CONTROLLED_COVERAGE_EXTENSION
12.5,tn-uav,2,7,2,766.943,1,0,-59.1365,HEALTHY,0,-999,-999,0,0,DISABLED,TN_DIRECT,TN_E2,TN_NEAR_RT_RIC,1,0.1,2,2,TN_CONTROLLED_COVERAGE_EXTENSION
14.5,tn-uav,0,5,1,1451.84,1,0,-64.6796,HEALTHY,0,-999,-999,0,0,DISABLED,TN_DIRECT,TN_E2,TN_NEAR_RT_RIC,1,0.1,2,2,TN_CONTROLLED_COVERAGE_EXTENSION
14.5,tn-uav,1,6,4,678.49,1,0,-58.0721,HEALTHY,0,-999,-999,0,0,DISABLED,TN_DIRECT,TN_E2,TN_NEAR_RT_RIC,1,0.1,2,2,TN_CONTROLLED_COVERAGE_EXTENSION
14.5,tn-uav,2,7,2,766.943,1,0,-59.1365,HEALTHY,0,-999,-999,0,0,DISABLED,TN_DIRECT,TN_E2,TN_NEAR_RT_RIC,1,0.1,2,2,TN_CONTROLLED_COVERAGE_EXTENSION
16.5,tn-uav,0,5,1,1451.84,1,0,-64.6796,HEALTHY,0,-999,-999,0,0,DISABLED,TN_DIRECT,TN_E2,TN_NEAR_RT_RIC,1,0.1,2,2,TN_CONTROLLED_COVERAGE_EXTENSION
16.5,tn-uav,1,6,4,682.052,1,0,-58.1176,HEALTHY,0,-999,-999,0,0,DISABLED,TN_DIRECT,TN_E2,TN_NEAR_RT_RIC,1,0.1,2,2,TN_CONTROLLED_COVERAGE_EXTENSION
16.5,tn-uav,2,7,2,762.55,1,0,-59.0866,HEALTHY,0,-999,-999,0,0,DISABLED,TN_DIRECT,TN_E2,TN_NEAR_RT_RIC,1,0.1,2,2,TN_CONTROLLED_COVERAGE_EXTENSION
18.5,tn-uav,0,5,1,1451.84,1,0,-64.6796,HEALTHY,0,-999,-999,0,0,DISABLED,TN_DIRECT,TN_E2,TN_NEAR_RT_RIC,1,0.1,2,2,TN_CONTROLLED_COVERAGE_EXTENSION
18.5,tn-uav,1,6,4,682.052,1,0,-58.1176,HEALTHY,0,-999,-999,0,0,DISABLED,TN_DIRECT,TN_E2,TN_NEAR_RT_RIC,1,0.1,2,2,TN_CONTROLLED_COVERAGE_EXTENSION
18.5,tn-uav,2,7,2,758.926,1,0,-59.0452,HEALTHY,0,-999,-999,0,0,DISABLED,TN_DIRECT,TN_E2,TN_NEAR_RT_RIC,1,0.1,2,2,TN_CONTROLLED_COVERAGE_EXTENSION
20.5,tn-uav,0,5,1,1451.84,1,0,-64.6796,HEALTHY,0,-999,-999,0,0,DISABLED,TN_DIRECT,TN_E2,TN_NEAR_RT_RIC,1,0.1,2,2,TN_CONTROLLED_COVERAGE_EXTENSION
20.5,tn-uav,1,6,4,682.052,1,0,-58.1176,HEALTHY,0,-999,-999,0,0,DISABLED,TN_DIRECT,TN_E2,TN_NEAR_RT_RIC,1,0.1,2,2,TN_CONTROLLED_COVERAGE_EXTENSION
20.5,tn-uav,2,7,2,756.17,1,0,-59.0136,HEALTHY,0,-999,-999,0,0,DISABLED,TN_DIRECT,TN_E2,TN_NEAR_RT_RIC,1,0.1,2,2,TN_CONTROLLED_COVERAGE_EXTENSION
22.5,tn-uav,0,5,1,1451.84,1,0,-64.6796,HEALTHY,0,-999,-999,0,0,DISABLED,TN_DIRECT,TN_E2,TN_NEAR_RT_RIC,1,0.1,2,2,TN_CONTROLLED_COVERAGE_EXTENSION
22.5,tn-uav,1,6,4,682.052,1,0,-58.1176,HEALTHY,0,-999,-999,0,0,DISABLED,TN_DIRECT,TN_E2,TN_NEAR_RT_RIC,1,0.1,2,2,TN_CONTROLLED_COVERAGE_EXTENSION
22.5,tn-uav,2,7,2,753.933,1,0,-58.9879,HEALTHY,0,-999,-999,0,0,DISABLED,TN_DIRECT,TN_E2,TN_NEAR_RT_RIC,1,0.1,2,2,TN_CONTROLLED_COVERAGE_EXTENSION
24.5,tn-uav,0,5,1,1440.11,1,0,-64.6091,HEALTHY,0,-999,-999,0,0,DISABLED,TN_DIRECT,TN_E2,TN_NEAR_RT_RIC,1,0.1,2,2,TN_CONTROLLED_COVERAGE_EXTENSION
24.5,tn-uav,1,6,4,668.757,1,0,-57.9466,HEALTHY,0,-999,-999,0,0,DISABLED,TN_DIRECT,TN_E2,TN_NEAR_RT_RIC,1,0.1,2,2,TN_CONTROLLED_COVERAGE_EXTENSION
24.5,tn-uav,2,7,2,753.549,1,0,-58.9834,HEALTHY,0,-999,-999,0,0,DISABLED,TN_DIRECT,TN_E2,TN_NEAR_RT_RIC,1,0.1,2,2,TN_CONTROLLED_COVERAGE_EXTENSION
26.5,tn-uav,0,5,1,1437.19,1,0,-64.5915,HEALTHY,0,-999,-999,0,0,DISABLED,TN_DIRECT,TN_E2,TN_NEAR_RT_RIC,1,0.1,2,2,TN_CONTROLLED_COVERAGE_EXTENSION
26.5,tn-uav,1,6,4,665.451,1,0,-57.9035,HEALTHY,0,-999,-999,0,0,DISABLED,TN_DIRECT,TN_E2,TN_NEAR_RT_RIC,1,0.1,2,2,TN_CONTROLLED_COVERAGE_EXTENSION
26.5,tn-uav,2,7,2,749.056,1,0,-58.9315,HEALTHY,0,-999,-999,0,0,DISABLED,TN_DIRECT,TN_E2,TN_NEAR_RT_RIC,1,0.1,2,2,TN_CONTROLLED_COVERAGE_EXTENSION
28.5,tn-uav,0,5,1,1437.19,1,0,-64.5915,HEALTHY,0,-999,-999,0,0,DISABLED,TN_DIRECT,TN_E2,TN_NEAR_RT_RIC,1,0.1,2,2,TN_CONTROLLED_COVERAGE_EXTENSION
28.5,tn-uav,1,6,4,665.451,1,0,-57.9035,HEALTHY,0,-999,-999,0,0,DISABLED,TN_DIRECT,TN_E2,TN_NEAR_RT_RIC,1,0.1,2,2,TN_CONTROLLED_COVERAGE_EXTENSION
28.5,tn-uav,2,7,2,743.884,1,0,-58.8713,HEALTHY,0,-999,-999,0,0,DISABLED,TN_DIRECT,TN_E2,TN_NEAR_RT_RIC,1,0.1,2,2,TN_CONTROLLED_COVERAGE_EXTENSION
30.5,tn-uav,0,5,1,1437.19,1,0,-64.5915,HEALTHY,0,-999,-999,0,0,DISABLED,TN_DIRECT,TN_E2,TN_NEAR_RT_RIC,1,0.1,2,2,TN_CONTROLLED_COVERAGE_EXTENSION
30.5,tn-uav,1,6,4,665.451,1,0,-57.9035,HEALTHY,0,-999,-999,0,0,DISABLED,TN_DIRECT,TN_E2,TN_NEAR_RT_RIC,1,0.1,2,2,TN_CONTROLLED_COVERAGE_EXTENSION
30.5,tn-uav,2,7,2,739.217,1,0,-58.8166,HEALTHY,0,-999,-999,0,0,DISABLED,TN_DIRECT,TN_E2,TN_NEAR_RT_RIC,1,0.1,2,2,TN_CONTROLLED_COVERAGE_EXTENSION
32.5,tn-uav,0,5,1,1422.99,1,0,-64.5052,HEALTHY,0,-999,-999,0,0,DISABLED,TN_DIRECT,TN_E2,TN_NEAR_RT_RIC,1,0.1,2,2,TN_CONTROLLED_COVERAGE_EXTENSION
32.5,tn-uav,1,6,4,665.451,1,0,-57.9035,HEALTHY,0,-999,-999,0,0,DISABLED,TN_DIRECT,TN_E2,TN_NEAR_RT_RIC,1,0.1,2,2,TN_CONTROLLED_COVERAGE_EXTENSION
32.5,tn-uav,2,7,2,738.345,1,0,-58.8064,HEALTHY,0,-999,-999,0,0,DISABLED,TN_DIRECT,TN_E2,TN_NEAR_RT_RIC,1,0.1,2,2,TN_CONTROLLED_COVERAGE_EXTENSION
34.5,tn-uav,0,5,1,1419.45,1,0,-64.4836,HEALTHY,0,-999,-999,0,0,DISABLED,TN_DIRECT,TN_E2,TN_NEAR_RT_RIC,1,0.1,2,2,TN_CONTROLLED_COVERAGE_EXTENSION
34.5,tn-uav,1,6,4,680.501,1,0,-58.0978,HEALTHY,0,-999,-999,0,0,DISABLED,TN_DIRECT,TN_E2,TN_NEAR_RT_RIC,1,0.1,2,2,TN_CONTROLLED_COVERAGE_EXTENSION
34.5,tn-uav,2,7,2,742.131,1,0,-58.8508,HEALTHY,0,-999,-999,0,0,DISABLED,TN_DIRECT,TN_E2,TN_NEAR_RT_RIC,1,0.1,2,2,TN_CONTROLLED_COVERAGE_EXTENSION
36.5,tn-uav,0,5,1,1419.45,1,0,-64.4836,HEALTHY,0,-999,-999,0,0,DISABLED,TN_DIRECT,TN_E2,TN_NEAR_RT_RIC,1,0.1,2,2,TN_CONTROLLED_COVERAGE_EXTENSION
36.5,tn-uav,1,6,4,671.437,1,0,-57.9813,HEALTHY,0,-999,-999,0,0,DISABLED,TN_DIRECT,TN_E2,TN_NEAR_RT_RIC,1,0.1,2,2,TN_CONTROLLED_COVERAGE_EXTENSION
36.5,tn-uav,2,7,2,743.128,1,0,-58.8625,HEALTHY,0,-999,-999,0,0,DISABLED,TN_DIRECT,TN_E2,TN_NEAR_RT_RIC,1,0.1,2,2,TN_CONTROLLED_COVERAGE_EXTENSION
38.5,tn-uav,0,5,1,1423.44,1,0,-64.508,HEALTHY,0,-999,-999,0,0,DISABLED,TN_DIRECT,TN_E2,TN_NEAR_RT_RIC,1,0.1,2,2,TN_CONTROLLED_COVERAGE_EXTENSION
38.5,tn-uav,1,6,4,668.249,1,0,-57.94,HEALTHY,0,-999,-999,0,0,DISABLED,TN_DIRECT,TN_E2,TN_NEAR_RT_RIC,1,0.1,2,2,TN_CONTROLLED_COVERAGE_EXTENSION
38.5,tn-uav,2,7,2,743.128,1,0,-58.8625,HEALTHY,0,-999,-999,0,0,DISABLED,TN_DIRECT,TN_E2,TN_NEAR_RT_RIC,1,0.1,2,2,TN_CONTROLLED_COVERAGE_EXTENSION
