Time,DeploymentMode,UavIndex,UavCellId,BestDonorCellId,BestDonorDistanceM,XhaulConnected,XhaulChannelVariationDb,XhaulRsrpDbm,RawXhaulState,RawXhaulStateAgeSec,XhaulState,XhaulDegradationActive,DonorUnavailableActive,SatBackhaulDlSnrDb,SatBackhaulUlSnrDb,SatBackhaulHealthy,UavSwitchingXappAvailable,UavSwitchingXappState,BackhaulMode,RicControlState,ActiveUavRic,NormalUeHandoverAllowed,E2TxDelaySec,E2SendIntervalSec,LmQueryIntervalSec,UavMode
4.5,tn-uav,0,5,1,826.489,1,0.434841,-89.3716,HEALTHY,0,HEALTHY,0,0,-999,-999,0,1,STANDBY,TN_DIRECT,TN_E2,TN_NEAR_RT_RIC,1,0.1,2,2,TN_CONTROLLED_COVERAGE_EXTENSION
4.5,tn-uav,1,6,4,355.647,1,-2.28216,-71.5805,HEALTHY,0,HEALTHY,0,0,-999,-999,0,1,STANDBY,TN_DIRECT,TN_E2,TN_NEAR_RT_RIC,1,0.1,2,2,TN_CONTROLLED_COVERAGE_EXTENSION
4.5,tn-uav,2,7,2,423.377,1,-0.793916,-74.3318,HEALTHY,0,HEALTHY,0,0,-999,-999,0,1,STANDBY,TN_DIRECT,TN_E2,TN_NEAR_RT_RIC,1,0.1,2,2,TN_CONTROLLED_COVERAGE_EXTENSION
6.5,tn-uav,0,5,1,856.077,1,-3.5052,-94.1671,HEALTHY,2,HEALTHY,0,0,-999,-999,0,1,STANDBY,TN_DIRECT,TN_E2,TN_NEAR_RT_RIC,1,0.1,2,2,TN_CONTROLLED_COVERAGE_EXTENSION
6.5,tn-uav,1,6,4,349.12,1,-3.9027,-72.7505,HEALTHY,2,HEALTHY,0,0,-999,-999,0,1,STANDBY,TN_DIRECT,TN_E2,TN_NEAR_RT_RIC,1,0.1,2,2,TN_CONTROLLED_COVERAGE_EXTENSION
6.5,tn-uav,2,7,2,386.267,1,-0.170944,-71.4778,HEALTHY,2,HEALTHY,0,0,-999,-999,0,1,STANDBY,TN_DIRECT,TN_E2,TN_NEAR_RT_RIC,1,0.1,2,2,TN_CONTROLLED_COVERAGE_EXTENSION
8.5,tn-uav,0,5,1,894.2,1,0.172433,-91.5491,HEALTHY,4,HEALTHY,0,0,-999,-999,0,1,STANDBY,TN_DIRECT,TN_E2,TN_NEAR_RT_RIC,1,0.1,2,2,TN_CONTROLLED_COVERAGE_EXTENSION
8.5,tn-uav,1,6,4,347.305,1,2.22826,-66.4927,HEALTHY,4,HEALTHY,0,0,-999,-999,0,1,STANDBY,TN_DIRECT,TN_E2,TN_NEAR_RT_RIC,1,0.1,2,2,TN_CONTROLLED_COVERAGE_EXTENSION
8.5,tn-uav,2,7,2,340.785,1,0.725406,-67.5347,HEALTHY,4,HEALTHY,0,0,-999,-999,0,1,STANDBY,TN_DIRECT,TN_E2,TN_NEAR_RT_RIC,1,0.1,2,2,TN_CONTROLLED_COVERAGE_EXTENSION
10.5,tn-uav,0,5,1,933.443,1,-7.08775,-99.8539,HEALTHY,6,HEALTHY,0,0,-999,-999,0,1,STANDBY,TN_DIRECT,TN_E2,TN_NEAR_RT_RIC,1,0.1,2,2,TN_CONTROLLED_COVERAGE_EXTENSION
10.5,tn-uav,1,6,4,352.617,1,-7.24567,-76.3359,HEALTHY,6,HEALTHY,0,0,-999,-999,0,1,STANDBY,TN_DIRECT,TN_E2,TN_NEAR_RT_RIC,1,0.1,2,2,TN_CONTROLLED_COVERAGE_EXTENSION
10.5,tn-uav,2,7,2,296.74,1,-4.11727,-69.0115,HEALTHY,6,HEALTHY,0,0,-999,-999,0,1,STANDBY,TN_DIRECT,TN_E2,TN_NEAR_RT_RIC,1,0.1,2,2,TN_CONTROLLED_COVERAGE_EXTENSION
12.5,tn-uav,0,5,1,973.67,1,-5.1227,-98.915,HEALTHY,8,HEALTHY,0,0,-999,-999,0,1,STANDBY,TN_DIRECT,TN_E2,TN_NEAR_RT_RIC,1,0.1,2,2,TN_CONTROLLED_COVERAGE_EXTENSION
12.5,tn-uav,1,6,4,364.747,1,2.56656,-67.3462,HEALTHY,8,HEALTHY,0,0,-999,-999,0,1,STANDBY,TN_DIRECT,TN_E2,TN_NEAR_RT_RIC,1,0.1,2,2,TN_CONTROLLED_COVERAGE_EXTENSION
12.5,tn-uav,2,7,2,254.878,1,1.04915,-60.1467,HEALTHY,8,HEALTHY,0,0,-999,-999,0,1,STANDBY,TN_DIRECT,TN_E2,TN_NEAR_RT_RIC,1,0.1,2,2,TN_CONTROLLED_COVERAGE_EXTENSION
14.5,tn-uav,0,5,1,1014.76,1,3.02157,-91.7761,HEALTHY,10,HEALTHY,0,0,-999,-999,0,1,STANDBY,TN_DIRECT,TN_E2,TN_NEAR_RT_RIC,1,0.1,2,2,TN_CONTROLLED_COVERAGE_EXTENSION
14.5,tn-uav,1,6,4,383.047,1,-3.75201,-74.8553,HEALTHY,10,HEALTHY,0,0,-999,-999,0,1,STANDBY,TN_DIRECT,TN_E2,TN_NEAR_RT_RIC,1,0.1,2,2,TN_CONTROLLED_COVERAGE_EXTENSION
14.5,tn-uav,2,7,2,216.471,1,-2.04708,-59.2706,HEALTHY,10,HEALTHY,0,0,-999,-999,0,1,STANDBY,TN_DIRECT,TN_E2,TN_NEAR_RT_RIC,1,0.1,2,2,TN_CONTROLLED_COVERAGE_EXTENSION
16.5,tn-uav,0,5,1,1056.63,1,-1.35744,-97.1382,HEALTHY,12,HEALTHY,0,0,-999,-999,0,1,STANDBY,TN_DIRECT,TN_E2,TN_NEAR_RT_RIC,1,0.1,2,2,TN_CONTROLLED_COVERAGE_EXTENSION
16.5,tn-uav,1,6,4,406.684,1,-2.66666,-75.2263,HEALTHY,12,HEALTHY,0,0,-999,-999,0,1,STANDBY,TN_DIRECT,TN_E2,TN_NEAR_RT_RIC,1,0.1,2,2,TN_CONTROLLED_COVERAGE_EXTENSION
16.5,tn-uav,2,7,2,183.696,1,-5.34018,-58.571,HEALTHY,12,HEALTHY,0,0,-999,-999,0,1,STANDBY,TN_DIRECT,TN_E2,TN_NEAR_RT_RIC,1,0.1,2,2,TN_CONTROLLED_COVERAGE_EXTENSION
18.5,tn-uav,0,5,1,1099.17,1,1.51246,-95.2283,HEALTHY,14,HEALTHY,0,0,-999,-999,0,1,STANDBY,TN_DIRECT,TN_E2,TN_NEAR_RT_RIC,1,0.1,2,2,TN_CONTROLLED_COVERAGE_EXTENSION
18.5,tn-uav,1,6,4,434.789,1,-0.297647,-74.4825,HEALTHY,14,HEALTHY,0,0,-999,-999,0,1,STANDBY,TN_DIRECT,TN_E2,TN_NEAR_RT_RIC,1,0.1,2,2,TN_CONTROLLED_COVERAGE_EXTENSION
18.5,tn-uav,2,7,2,160.053,1,0.972659,-48.9074,HEALTHY,14,HEALTHY,0,0,-999,-999,0,1,STANDBY,TN_DIRECT,TN_E2,TN_NEAR_RT_RIC,1,0.1,2,2,TN_CONTROLLED_COVERAGE_EXTENSION
20.5,tn-uav,0,5,1,1142.31,1,-1.23503,-98.9121,HEALTHY,16,HEALTHY,0,0,-999,-999,0,1,STANDBY,TN_DIRECT,TN_E2,TN_NEAR_RT_RIC,1,0.1,2,2,TN_CONTROLLED_COVERAGE_EXTENSION
20.5,tn-uav,1,6,3,537.863,1,1.59005,-77.7688,HEALTHY,16,HEALTHY,0,0,-999,-999,0,1,STANDBY,TN_DIRECT,TN_E2,TN_NEAR_RT_RIC,1,0.1,2,2,TN_CONTROLLED_COVERAGE_EXTENSION
20.5,tn-uav,2,7,2,149.927,1,0.0675034,-48.223,HEALTHY,16,HEALTHY,0,0,-999,-999,0,1,STANDBY,TN_DIRECT,TN_E2,TN_NEAR_RT_RIC,1,0.1,2,2,TN_CONTROLLED_COVERAGE_EXTENSION
22.5,tn-uav,0,5,1,1185.99,1,-2.90488,-101.495,UNREACHABLE,0,HEALTHY,0,0,-999,-999,0,1,STANDBY,TN_DIRECT,TN_E2,TN_NEAR_RT_RIC,1,0.1,2,2,TN_CONTROLLED_COVERAGE_EXTENSION
22.5,tn-uav,1,6,3,489.442,1,-0.275864,-77.3403,HEALTHY,18,HEALTHY,0,0,-999,-999,0,1,STANDBY,TN_DIRECT,TN_E2,TN_NEAR_RT_RIC,1,0.1,2,2,TN_CONTROLLED_COVERAGE_EXTENSION
22.5,tn-uav,2,7,2,155.972,1,1.01141,-48.2405,HEALTHY,18,HEALTHY,0,0,-999,-999,0,1,STANDBY,TN_DIRECT,TN_E2,TN_NEAR_RT_RIC,1,0.1,2,2,TN_CONTROLLED_COVERAGE_EXTENSION
24.5,tn-uav,0,5,1,1230.15,1,-9.97187,-109.451,UNREACHABLE,2,HEALTHY,0,0,-999,-999,0,1,STANDBY,TN_DIRECT,TN_E2,TN_NEAR_RT_RIC,1,0.1,2,2,TN_CONTROLLED_COVERAGE_EXTENSION
24.5,tn-uav,1,6,3,441.358,1,-1.7393,-76.2888,HEALTHY,20,HEALTHY,0,0,-999,-999,0,1,STANDBY,TN_DIRECT,TN_E2,TN_NEAR_RT_RIC,1,0.1,2,2,TN_CONTROLLED_COVERAGE_EXTENSION
24.5,tn-uav,2,7,2,176.535,1,0.562182,-51.7016,HEALTHY,20,HEALTHY,0,0,-999,-999,0,1,STANDBY,TN_DIRECT,TN_E2,TN_NEAR_RT_RIC,1,0.1,2,2,TN_CONTROLLED_COVERAGE_EXTENSION
26.5,tn-uav,0,5,1,1274.74,1,0.6374,-99.7074,HEALTHY,0,HEALTHY,0,0,-999,-999,0,1,STANDBY,TN_DIRECT,TN_E2,TN_NEAR_RT_RIC,1,0.1,2,2,TN_CONTROLLED_COVERAGE_EXTENSION
26.5,tn-uav,1,6,3,393.635,1,-6.43071,-78.1972,HEALTHY,22,HEALTHY,0,0,-999,-999,0,1,STANDBY,TN_DIRECT,TN_E2,TN_NEAR_RT_RIC,1,0.1,2,2,TN_CONTROLLED_COVERAGE_EXTENSION
26.5,tn-uav,2,7,2,207.341,1,-4.21776,-60.3933,HEALTHY,22,HEALTHY,0,0,-999,-999,0,1,STANDBY,TN_DIRECT,TN_E2,TN_NEAR_RT_RIC,1,0.1,2,2,TN_CONTROLLED_COVERAGE_EXTENSION
28.5,tn-uav,0,5,1,1319.72,1,1.53709,-99.6511,HEALTHY,2,HEALTHY,0,0,-999,-999,0,1,STANDBY,TN_DIRECT,TN_E2,TN_NEAR_RT_RIC,1,0.1,2,2,TN_CONTROLLED_COVERAGE_EXTENSION
28.5,tn-uav,1,6,3,346.511,1,-5.95624,-74.6216,HEALTHY,24,HEALTHY,0,0,-999,-999,0,1,STANDBY,TN_DIRECT,TN_E2,TN_NEAR_RT_RIC,1,0.1,2,2,TN_CONTROLLED_COVERAGE_EXTENSION
28.5,tn-uav,2,7,2,244.549,1,-1.33302,-61.5227,HEALTHY,24,HEALTHY,0,0,-999,-999,0,1,STANDBY,TN_DIRECT,TN_E2,TN_NEAR_RT_RIC,1,0.1,2,2,TN_CONTROLLED_COVERAGE_EXTENSION
30.5,tn-uav,0,5,1,1365.05,1,-1.82409,-103.834,UNREACHABLE,0,HEALTHY,0,0,-999,-999,0,1,STANDBY,TN_DIRECT,TN_E2,TN_NEAR_RT_RIC,1,0.1,2,2,TN_CONTROLLED_COVERAGE_EXTENSION
30.5,tn-uav,1,6,3,300.429,1,4.70953,-60.4852,HEALTHY,26,HEALTHY,0,0,-999,-999,0,1,STANDBY,TN_DIRECT,TN_E2,TN_NEAR_RT_RIC,1,0.1,2,2,TN_CONTROLLED_COVERAGE_EXTENSION
30.5,tn-uav,2,7,2,286.021,1,1.23778,-62.7617,HEALTHY,26,HEALTHY,0,0,-999,-999,0,1,STANDBY,TN_DIRECT,TN_E2,TN_NEAR_RT_RIC,1,0.1,2,2,TN_CONTROLLED_COVERAGE_EXTENSION
32.5,tn-uav,0,5,1,1410.94,1,-0.64891,-103.463,UNREACHABLE,2,HEALTHY,0,0,-999,-999,0,1,STANDBY,TN_DIRECT,TN_E2,TN_NEAR_RT_RIC,1,0.1,2,2,TN_CONTROLLED_COVERAGE_EXTENSION
32.5,tn-uav,1,6,3,255.837,1,-1.86948,-63.1566,HEALTHY,28,HEALTHY,0,0,-999,-999,0,1,STANDBY,TN_DIRECT,TN_E2,TN_NEAR_RT_RIC,1,0.1,2,2,TN_CONTROLLED_COVERAGE_EXTENSION
32.5,tn-uav,2,7,2,329.925,1,0.381982,-67.0905,HEALTHY,28,HEALTHY,0,0,-999,-999,0,1,STANDBY,TN_DIRECT,TN_E2,TN_NEAR_RT_RIC,1,0.1,2,2,TN_CONTROLLED_COVERAGE_EXTENSION
34.5,tn-uav,0,5,1,1456.92,1,1.48981,-102.104,UNREACHABLE,4,HEALTHY,0,0,-999,-999,0,1,STANDBY,TN_DIRECT,TN_E2,TN_NEAR_RT_RIC,1,0.1,2,2,TN_CONTROLLED_COVERAGE_EXTENSION
34.5,tn-uav,1,6,3,213.434,1,-0.281636,-57.1616,HEALTHY,30,HEALTHY,0,0,-999,-999,0,1,STANDBY,TN_DIRECT,TN_E2,TN_NEAR_RT_RIC,1,0.1,2,2,TN_CONTROLLED_COVERAGE_EXTENSION
34.5,tn-uav,2,7,2,375.061,1,1.3569,-69.234,HEALTHY,30,HEALTHY,0,0,-999,-999,0,1,STANDBY,TN_DIRECT,TN_E2,TN_NEAR_RT_RIC,1,0.1,2,2,TN_CONTROLLED_COVERAGE_EXTENSION
36.5,tn-uav,0,5,1,1503.09,1,-5.66755,-110.02,UNREACHABLE,6,UNREACHABLE,0,0,-999,-999,0,1,ACTIVE,NO_BACKHAUL_AVAILABLE,NEAR_RT_RIC_SWITCHING_NO_SATELLITE_BACKHAUL,TN_NEAR_RT_RIC,0,0.1,2,2,AUTONOMOUS_LOCAL_ISLAND
36.5,tn-uav,1,6,3,175.227,1,-2.34853,-54.4314,HEALTHY,32,HEALTHY,0,0,-999,-999,0,1,STANDBY,TN_DIRECT,TN_E2,TN_NEAR_RT_RIC,1,0.1,2,2,TN_CONTROLLED_COVERAGE_EXTENSION
36.5,tn-uav,2,7,2,421.473,1,-2.04926,-75.4776,HEALTHY,32,HEALTHY,0,0,-999,-999,0,1,STANDBY,TN_DIRECT,TN_E2,TN_NEAR_RT_RIC,1,0.1,2,2,TN_CONTROLLED_COVERAGE_EXTENSION
38.5,tn-uav,0,5,1,1549.5,1,4.33644,-100.755,UNREACHABLE,8,UNREACHABLE,0,0,-999,-999,0,1,ACTIVE,NO_BACKHAUL_AVAILABLE,NEAR_RT_RIC_SWITCHING_NO_SATELLITE_BACKHAUL,TN_NEAR_RT_RIC,0,0.1,2,2,AUTONOMOUS_LOCAL_ISLAND
38.5,tn-uav,1,6,3,144.152,1,1.72906,-45.6062,HEALTHY,34,HEALTHY,0,0,-999,-999,0,1,STANDBY,TN_DIRECT,TN_E2,TN_NEAR_RT_RIC,1,0.1,2,2,TN_CONTROLLED_COVERAGE_EXTENSION
38.5,tn-uav,2,7,2,468.435,1,-4.44142,-80.439,HEALTHY,34,HEALTHY,0,0,-999,-999,0,1,STANDBY,TN_DIRECT,TN_E2,TN_NEAR_RT_RIC,1,0.1,2,2,TN_CONTROLLED_COVERAGE_EXTENSION
40.5,tn-uav,0,5,1,1596.13,1,-1.7948,-107.608,UNREACHABLE,10,UNREACHABLE,0,0,-999,-999,0,1,ACTIVE,NO_BACKHAUL_AVAILABLE,NEAR_RT_RIC_SWITCHING_NO_SATELLITE_BACKHAUL,TN_NEAR_RT_RIC,0,0.1,2,2,AUTONOMOUS_LOCAL_ISLAND
40.5,tn-uav,1,6,3,126.115,1,3.36114,-40.723,HEALTHY,36,HEALTHY,0,0,-999,-999,0,1,STANDBY,TN_DIRECT,TN_E2,TN_NEAR_RT_RIC,1,0.1,2,2,TN_CONTROLLED_COVERAGE_EXTENSION
40.5,tn-uav,2,7,2,515.904,1,1.00142,-77.3436,HEALTHY,36,HEALTHY,0,0,-999,-999,0,1,STANDBY,TN_DIRECT,TN_E2,TN_NEAR_RT_RIC,1,0.1,2,2,TN_CONTROLLED_COVERAGE_EXTENSION
42.5,tn-uav,0,5,1,1642.69,1,-3.00778,-109.52,UNREACHABLE,12,UNREACHABLE,0,0,-999,-999,0,1,ACTIVE,NO_BACKHAUL_AVAILABLE,NEAR_RT_RIC_SWITCHING_NO_SATELLITE_BACKHAUL,TN_NEAR_RT_RIC,0,0.1,2,2,AUTONOMOUS_LOCAL_ISLAND
42.5,tn-uav,1,6,3,127.475,1,1.43936,-42.9057,HEALTHY,38,HEALTHY,0,0,-999,-999,0,1,STANDBY,TN_DIRECT,TN_E2,TN_NEAR_RT_RIC,1,0.1,2,2,TN_CONTROLLED_COVERAGE_EXTENSION
42.5,tn-uav,2,7,2,563.8,1,-0.426974,-80.9312,HEALTHY,38,HEALTHY,0,0,-999,-999,0,1,STANDBY,TN_DIRECT,TN_E2,TN_NEAR_RT_RIC,1,0.1,2,2,TN_CONTROLLED_COVERAGE_EXTENSION
44.5,tn-uav,0,5,1,1689.38,1,1.47148,-105.723,UNREACHABLE,14,UNREACHABLE,0,0,-999,-999,0,1,ACTIVE,NO_BACKHAUL_AVAILABLE,NEAR_RT_RIC_SWITCHING_NO_SATELLITE_BACKHAUL,TN_NEAR_RT_RIC,0,0.1,2,2,AUTONOMOUS_LOCAL_ISLAND
44.5,tn-uav,1,6,3,147.088,1,-0.289534,-48.1151,HEALTHY,40,HEALTHY,0,0,-999,-999,0,1,STANDBY,TN_DIRECT,TN_E2,TN_NEAR_RT_RIC,1,0.1,2,2,TN_CONTROLLED_COVERAGE_EXTENSION
44.5,tn-uav,2,7,2,612.023,1,-2.73288,-85.2331,HEALTHY,40,HEALTHY,0,0,-999,-999,0,1,STANDBY,TN_DIRECT,TN_E2,TN_NEAR_RT_RIC,1,0.1,2,2,TN_CONTROLLED_COVERAGE_EXTENSION
46.5,tn-uav,0,5,1,1736.26,1,-1.54565,-109.405,UNREACHABLE,16,UNREACHABLE,0,0,-999,-999,0,1,ACTIVE,NO_BACKHAUL_AVAILABLE,NEAR_RT_RIC_SWITCHING_NO_SATELLITE_BACKHAUL,TN_NEAR_RT_RIC,0,0.1,2,2,AUTONOMOUS_LOCAL_ISLAND
46.5,tn-uav,1,6,3,179.4,1,-4.80591,-57.4611,HEALTHY,42,HEALTHY,0,0,-999,-999,0,1,STANDBY,TN_DIRECT,TN_E2,TN_NEAR_RT_RIC,1,0.1,2,2,TN_CONTROLLED_COVERAGE_EXTENSION
46.5,tn-uav,2,7,2,660.783,1,0.0998728,-84.2646,HEALTHY,42,HEALTHY,0,0,-999,-999,0,1,STANDBY,TN_DIRECT,TN_E2,TN_NEAR_RT_RIC,1,0.1,2,2,TN_CONTROLLED_COVERAGE_EXTENSION
48.5,tn-uav,0,5,1,1783.32,1,0.346395,-108.164,UNREACHABLE,18,UNREACHABLE,0,0,-999,-999,0,1,ACTIVE,NO_BACKHAUL_AVAILABLE,NEAR_RT_RIC_SWITCHING_NO_SATELLITE_BACKHAUL,TN_NEAR_RT_RIC,0,0.1,2,2,AUTONOMOUS_LOCAL_ISLAND
48.5,tn-uav,1,6,3,218.744,1,0.536175,-56.9414,HEALTHY,44,HEALTHY,0,0,-999,-999,0,1,STANDBY,TN_DIRECT,TN_E2,TN_NEAR_RT_RIC,1,0.1,2,2,TN_CONTROLLED_COVERAGE_EXTENSION
48.5,tn-uav,2,7,2,709.914,1,2.32842,-83.7803,HEALTHY,44,HEALTHY,0,0,-999,-999,0,1,STANDBY,TN_DIRECT,TN_E2,TN_NEAR_RT_RIC,1,0.1,2,2,TN_CONTROLLED_COVERAGE_EXTENSION
50.5,tn-uav,0,5,1,1830.78,1,-2.84896,-111.998,UNREACHABLE,20,UNREACHABLE,0,0,-999,-999,0,1,ACTIVE,NO_BACKHAUL_AVAILABLE,NEAR_RT_RIC_SWITCHING_NO_SATELLITE_BACKHAUL,TN_NEAR_RT_RIC,0,0.1,2,2,AUTONOMOUS_LOCAL_ISLAND
50.5,tn-uav,1,6,3,261.242,1,-1.0805,-62.8761,HEALTHY,46,HEALTHY,0,0,-999,-999,0,1,STANDBY,TN_DIRECT,TN_E2,TN_NEAR_RT_RIC,1,0.1,2,2,TN_CONTROLLED_COVERAGE_EXTENSION
50.5,tn-uav,2,7,2,758.779,1,0.960632,-86.767,HEALTHY,46,HEALTHY,0,0,-999,-999,0,1,STANDBY,TN_DIRECT,TN_E2,TN_NEAR_RT_RIC,1,0.1,2,2,TN_CONTROLLED_COVERAGE_EXTENSION
52.5,tn-uav,0,5,1,1878.19,1,0.894557,-108.876,UNREACHABLE,22,UNREACHABLE,0,0,-999,-999,0,1,ACTIVE,NO_BACKHAUL_AVAILABLE,NEAR_RT_RIC_SWITCHING_NO_SATELLITE_BACKHAUL,TN_NEAR_RT_RIC,0,0.1,2,2,AUTONOMOUS_LOCAL_ISLAND
52.5,tn-uav,1,6,3,305.883,1,-2.25185,-67.8842,HEALTHY,48,HEALTHY,0,0,-999,-999,0,1,STANDBY,TN_DIRECT,TN_E2,TN_NEAR_RT_RIC,1,0.1,2,2,TN_CONTROLLED_COVERAGE_EXTENSION
52.5,tn-uav,2,7,2,807.823,1,-1.29739,-90.5483,HEALTHY,48,HEALTHY,0,0,-999,-999,0,1,STANDBY,TN_DIRECT,TN_E2,TN_NEAR_RT_RIC,1,0.1,2,2,TN_CONTROLLED_COVERAGE_EXTENSION
54.5,tn-uav,0,5,1,1925.66,1,-7.0458,-117.423,UNREACHABLE,24,UNREACHABLE,0,0,-999,-999,0,1,ACTIVE,NO_BACKHAUL_AVAILABLE,NEAR_RT_RIC_SWITCHING_NO_SATELLITE_BACKHAUL,TN_NEAR_RT_RIC,0,0.1,2,2,AUTONOMOUS_LOCAL_ISLAND
54.5,tn-uav,1,6,3,352.339,1,-1.01308,-70.0841,HEALTHY,50,HEALTHY,0,0,-999,-999,0,1,STANDBY,TN_DIRECT,TN_E2,TN_NEAR_RT_RIC,1,0.1,2,2,TN_CONTROLLED_COVERAGE_EXTENSION
54.5,tn-uav,2,7,2,857.111,1,1.78599,-88.9053,HEALTHY,50,HEALTHY,0,0,-999,-999,0,1,STANDBY,TN_DIRECT,TN_E2,TN_NEAR_RT_RIC,1,0.1,2,2,TN_CONTROLLED_COVERAGE_EXTENSION
56.5,tn-uav,0,5,1,1973.26,1,-2.57584,-113.547,UNREACHABLE,26,UNREACHABLE,0,0,-999,-999,0,1,ACTIVE,NO_BACKHAUL_AVAILABLE,NEAR_RT_RIC_SWITCHING_NO_SATELLITE_BACKHAUL,TN_NEAR_RT_RIC,0,0.1,2,2,AUTONOMOUS_LOCAL_ISLAND
56.5,tn-uav,1,6,3,399.721,1,-1.75778,-73.8974,HEALTHY,52,HEALTHY,0,0,-999,-999,0,1,STANDBY,TN_DIRECT,TN_E2,TN_NEAR_RT_RIC,1,0.1,2,2,TN_CONTROLLED_COVERAGE_EXTENSION
56.5,tn-uav,2,7,2,906.499,1,1.24914,-90.8046,HEALTHY,52,HEALTHY,0,0,-999,-999,0,1,STANDBY,TN_DIRECT,TN_E2,TN_NEAR_RT_RIC,1,0.1,2,2,TN_CONTROLLED_COVERAGE_EXTENSION
58.5,tn-uav,0,5,1,2020.98,1,-3.01462,-114.567,UNREACHABLE,28,UNREACHABLE,0,0,-999,-999,0,1,ACTIVE,NO_BACKHAUL_AVAILABLE,NEAR_RT_RIC_SWITCHING_NO_SATELLITE_BACKHAUL,TN_NEAR_RT_RIC,0,0.1,2,2,AUTONOMOUS_LOCAL_ISLAND
58.5,tn-uav,1,6,3,447.564,1,-1.45126,-76.3403,HEALTHY,54,HEALTHY,0,0,-999,-999,0,1,STANDBY,TN_DIRECT,TN_E2,TN_NEAR_RT_RIC,1,0.1,2,2,TN_CONTROLLED_COVERAGE_EXTENSION
58.5,tn-uav,2,7,2,955.844,1,-2.95141,-96.2943,HEALTHY,54,HEALTHY,0,0,-999,-999,0,1,STANDBY,TN_DIRECT,TN_E2,TN_NEAR_RT_RIC,1,0.1,2,2,TN_CONTROLLED_COVERAGE_EXTENSION
60.5,tn-uav,0,5,1,2068.81,1,-2.06174,-114.183,UNREACHABLE,30,UNREACHABLE,0,0,-999,-999,0,1,ACTIVE,NO_BACKHAUL_AVAILABLE,NEAR_RT_RIC_SWITCHING_NO_SATELLITE_BACKHAUL,TN_NEAR_RT_RIC,0,0.1,2,2,AUTONOMOUS_LOCAL_ISLAND
60.5,tn-uav,1,6,3,495.799,1,-3.86015,-81.2385,HEALTHY,56,HEALTHY,0,0,-999,-999,0,1,STANDBY,TN_DIRECT,TN_E2,TN_NEAR_RT_RIC,1,0.1,2,2,TN_CONTROLLED_COVERAGE_EXTENSION
60.5,tn-uav,2,7,2,1005.22,1,3.66204,-90.9059,HEALTHY,56,HEALTHY,0,0,-999,-999,0,1,STANDBY,TN_DIRECT,TN_E2,TN_NEAR_RT_RIC,1,0.1,2,2,TN_CONTROLLED_COVERAGE_EXTENSION
62.5,tn-uav,0,5,1,2116.74,1,-1.96068,-114.639,UNREACHABLE,32,UNREACHABLE,0,0,-999,-999,0,1,ACTIVE,NO_BACKHAUL_AVAILABLE,NEAR_RT_RIC_SWITCHING_NO_SATELLITE_BACKHAUL,TN_NEAR_RT_RIC,0,0.1,2,2,AUTONOMOUS_LOCAL_ISLAND
62.5,tn-uav,1,6,3,544.42,1,-0.992261,-80.6458,HEALTHY,58,HEALTHY,0,0,-999,-999,0,1,STANDBY,TN_DIRECT,TN_E2,TN_NEAR_RT_RIC,1,0.1,2,2,TN_CONTROLLED_COVERAGE_EXTENSION
62.5,tn-uav,2,7,2,1054.77,1,-0.773899,-96.512,HEALTHY,58,HEALTHY,0,0,-999,-999,0,1,STANDBY,TN_DIRECT,TN_E2,TN_NEAR_RT_RIC,1,0.1,2,2,TN_CONTROLLED_COVERAGE_EXTENSION
64.5,tn-uav,0,5,1,2164.76,1,-2.45466,-115.679,UNREACHABLE,34,UNREACHABLE,0,0,-999,-999,0,1,ACTIVE,NO_BACKHAUL_AVAILABLE,NEAR_RT_RIC_SWITCHING_NO_SATELLITE_BACKHAUL,TN_NEAR_RT_RIC,0,0.1,2,2,AUTONOMOUS_LOCAL_ISLAND
64.5,tn-uav,1,6,3,593.277,1,-2.39126,-84.1349,HEALTHY,60,HEALTHY,0,0,-999,-999,0,1,STANDBY,TN_DIRECT,TN_E2,TN_NEAR_RT_RIC,1,0.1,2,2,TN_CONTROLLED_COVERAGE_EXTENSION
64.5,tn-uav,2,7,2,1104.27,1,-4.12444,-100.978,UNREACHABLE,0,HEALTHY,0,0,-999,-999,0,1,STANDBY,TN_DIRECT,TN_E2,TN_NEAR_RT_RIC,1,0.1,2,2,TN_CONTROLLED_COVERAGE_EXTENSION
66.5,tn-uav,0,5,1,2212.88,1,-6.74645,-120.505,UNREACHABLE,36,UNREACHABLE,0,0,-999,-999,0,1,ACTIVE,NO_BACKHAUL_AVAILABLE,NEAR_RT_RIC_SWITCHING_NO_SATELLITE_BACKHAUL,TN_NEAR_RT_RIC,0,0.1,2,2,AUTONOMOUS_LOCAL_ISLAND
66.5,tn-uav,1,6,3,642.265,1,0.567935,-83.1053,HEALTHY,62,HEALTHY,0,0,-999,-999,0,1,STANDBY,TN_DIRECT,TN_E2,TN_NEAR_RT_RIC,1,0.1,2,2,TN_CONTROLLED_COVERAGE_EXTENSION
66.5,tn-uav,2,7,2,1153.89,1,-3.15775,-101.08,UNREACHABLE,2,HEALTHY,0,0,-999,-999,0,1,STANDBY,TN_DIRECT,TN_E2,TN_NEAR_RT_RIC,1,0.1,2,2,TN_CONTROLLED_COVERAGE_EXTENSION
68.5,tn-uav,0,5,1,2261.08,1,1.65914,-112.624,UNREACHABLE,38,UNREACHABLE,0,0,-999,-999,0,1,ACTIVE,NO_BACKHAUL_AVAILABLE,NEAR_RT_RIC_SWITCHING_NO_SATELLITE_BACKHAUL,TN_NEAR_RT_RIC,0,0.1,2,2,AUTONOMOUS_LOCAL_ISLAND
68.5,tn-uav,1,6,3,691.413,1,-3.79173,-89.2582,HEALTHY,64,HEALTHY,0,0,-999,-999,0,1,STANDBY,TN_DIRECT,TN_E2,TN_NEAR_RT_RIC,1,0.1,2,2,TN_CONTROLLED_COVERAGE_EXTENSION
68.5,tn-uav,2,7,2,1203.45,1,-1.4967,-100.442,UNREACHABLE,4,HEALTHY,0,0,-999,-999,0,1,STANDBY,TN_DIRECT,TN_E2,TN_NEAR_RT_RIC,1,0.1,2,2,TN_CONTROLLED_COVERAGE_EXTENSION
70.5,tn-uav,0,5,1,2306.77,1,-2.88542,-117.655,UNREACHABLE,40,UNREACHABLE,0,0,-999,-999,0,1,ACTIVE,NO_BACKHAUL_AVAILABLE,NEAR_RT_RIC_SWITCHING_NO_SATELLITE_BACKHAUL,TN_NEAR_RT_RIC,0,0.1,2,2,AUTONOMOUS_LOCAL_ISLAND
70.5,tn-uav,1,6,3,684.218,1,-5.5696,-90.7817,HEALTHY,66,HEALTHY,0,0,-999,-999,0,1,STANDBY,TN_DIRECT,TN_E2,TN_NEAR_RT_RIC,1,0.1,2,2,TN_CONTROLLED_COVERAGE_EXTENSION
70.5,tn-uav,2,7,2,1173.9,1,-0.553926,-98.8944,HEALTHY,0,HEALTHY,0,0,-999,-999,0,1,STANDBY,TN_DIRECT,TN_E2,TN_NEAR_RT_RIC,1,0.1,2,2,TN_CONTROLLED_COVERAGE_EXTENSION
72.5,tn-uav,0,5,1,2354.06,1,1.35516,-113.908,UNREACHABLE,42,UNREACHABLE,0,0,-999,-999,0,1,ACTIVE,NO_BACKHAUL_AVAILABLE,NEAR_RT_RIC_SWITCHING_NO_SATELLITE_BACKHAUL,TN_NEAR_RT_RIC,0,0.1,2,2,AUTONOMOUS_LOCAL_ISLAND
72.5,tn-uav,1,6,3,719.242,1,-5.19445,-91.6206,HEALTHY,68,HEALTHY,0,0,-999,-999,0,1,STANDBY,TN_DIRECT,TN_E2,TN_NEAR_RT_RIC,1,0.1,2,2,TN_CONTROLLED_COVERAGE_EXTENSION
72.5,tn-uav,2,7,2,1203.72,1,3.75949,-95.191,HEALTHY,2,HEALTHY,0,0,-999,-999,0,1,STANDBY,TN_DIRECT,TN_E2,TN_NEAR_RT_RIC,1,0.1,2,2,TN_CONTROLLED_COVERAGE_EXTENSION
74.5,tn-uav,0,5,1,2401.98,1,-1.34028,-117.093,UNREACHABLE,44,UNREACHABLE,0,0,-999,-999,0,1,ACTIVE,NO_BACKHAUL_AVAILABLE,NEAR_RT_RIC_SWITCHING_NO_SATELLITE_BACKHAUL,TN_NEAR_RT_RIC,0,0.1,2,2,AUTONOMOUS_LOCAL_ISLAND
74.5,tn-uav,1,6,3,768.008,1,0.579278,-87.4424,HEALTHY,70,HEALTHY,0,0,-999,-999,0,1,STANDBY,TN_DIRECT,TN_E2,TN_NEAR_RT_RIC,1,0.1,2,2,TN_CONTROLLED_COVERAGE_EXTENSION
74.5,tn-uav,2,7,2,1253.34,1,2.51188,-97.4211,HEALTHY,4,HEALTHY,0,0,-999,-999,0,1,STANDBY,TN_DIRECT,TN_E2,TN_NEAR_RT_RIC,1,0.1,2,2,TN_CONTROLLED_COVERAGE_EXTENSION
76.5,tn-uav,0,5,1,2446.81,1,-2.48682,-118.69,UNREACHABLE,46,UNREACHABLE,0,0,-999,-999,0,1,ACTIVE,NO_BACKHAUL_AVAILABLE,NEAR_RT_RIC_SWITCHING_NO_SATELLITE_BACKHAUL,TN_NEAR_RT_RIC,0,0.1,2,2,AUTONOMOUS_LOCAL_ISLAND
76.5,tn-uav,1,6,3,760.776,1,-2.11499,-89.9066,HEALTHY,72,HEALTHY,0,0,-999,-999,0,1,STANDBY,TN_DIRECT,TN_E2,TN_NEAR_RT_RIC,1,0.1,2,2,TN_CONTROLLED_COVERAGE_EXTENSION
76.5,tn-uav,2,7,2,1223.84,1,-3.13095,-102.485,UNREACHABLE,0,HEALTHY,0,0,-999,-999,0,1,STANDBY,TN_DIRECT,TN_E2,TN_NEAR_RT_RIC,1,0.1,2,2,TN_CONTROLLED_COVERAGE_EXTENSION
78.5,tn-uav,0,5,1,2491.03,1,2.50609,-114.132,UNREACHABLE,48,UNREACHABLE,0,0,-999,-999,0,1,ACTIVE,NO_BACKHAUL_AVAILABLE,NEAR_RT_RIC_SWITCHING_NO_SATELLITE_BACKHAUL,TN_NEAR_RT_RIC,0,0.1,2,2,AUTONOMOUS_LOCAL_ISLAND
78.5,tn-uav,1,6,3,742.214,1,-0.996498,-88.1873,HEALTHY,74,HEALTHY,0,0,-999,-999,0,1,STANDBY,TN_DIRECT,TN_E2,TN_NEAR_RT_RIC,1,0.1,2,2,TN_CONTROLLED_COVERAGE_EXTENSION
78.5,tn-uav,2,7,2,1174.61,1,-2.13201,-100.487,UNREACHABLE,2,HEALTHY,0,0,-999,-999,0,1,STANDBY,TN_DIRECT,TN_E2,TN_NEAR_RT_RIC,1,0.1,2,2,TN_CONTROLLED_COVERAGE_EXTENSION
80.5,tn-uav,0,5,1,2536.37,1,-1.98608,-119.063,UNREACHABLE,50,UNREACHABLE,0,0,-999,-999,0,1,ACTIVE,NO_BACKHAUL_AVAILABLE,NEAR_RT_RIC_SWITCHING_NO_SATELLITE_BACKHAUL,TN_NEAR_RT_RIC,0,0.1,2,2,AUTONOMOUS_LOCAL_ISLAND
80.5,tn-uav,1,6,3,776.711,1,0.772431,-87.5233,HEALTHY,76,HEALTHY,0,0,-999,-999,0,1,STANDBY,TN_DIRECT,TN_E2,TN_NEAR_RT_RIC,1,0.1,2,2,TN_CONTROLLED_COVERAGE_EXTENSION
80.5,tn-uav,2,7,2,1204.42,1,-1.0068,-99.9716,HEALTHY,0,HEALTHY,0,0,-999,-999,0,1,STANDBY,TN_DIRECT,TN_E2,TN_NEAR_RT_RIC,1,0.1,2,2,TN_CONTROLLED_COVERAGE_EXTENSION
82.5,tn-uav,0,5,1,2580.4,1,0.886965,-116.609,UNREACHABLE,52,UNREACHABLE,0,0,-999,-999,0,1,ACTIVE,NO_BACKHAUL_AVAILABLE,NEAR_RT_RIC_SWITCHING_NO_SATELLITE_BACKHAUL,TN_NEAR_RT_RIC,0,0.1,2,2,AUTONOMOUS_LOCAL_ISLAND
82.5,tn-uav,1,6,3,772.695,1,-1.20213,-89.3718,HEALTHY,78,HEALTHY,0,0,-999,-999,0,1,STANDBY,TN_DIRECT,TN_E2,TN_NEAR_RT_RIC,1,0.1,2,2,TN_CONTROLLED_COVERAGE_EXTENSION
82.5,tn-uav,2,7,2,1175,1,1.04027,-97.3231,HEALTHY,2,HEALTHY,0,0,-999,-999,0,1,STANDBY,TN_DIRECT,TN_E2,TN_NEAR_RT_RIC,1,0.1,2,2,TN_CONTROLLED_COVERAGE_EXTENSION
84.5,tn-uav,0,5,1,2626.03,1,-4.04616,-121.968,UNREACHABLE,54,UNREACHABLE,0,0,-999,-999,0,1,ACTIVE,NO_BACKHAUL_AVAILABLE,NEAR_RT_RIC_SWITCHING_NO_SATELLITE_BACKHAUL,TN_NEAR_RT_RIC,0,0.1,2,2,AUTONOMOUS_LOCAL_ISLAND
84.5,tn-uav,1,6,3,806.635,1,-3.45819,-92.6733,HEALTHY,80,HEALTHY,0,0,-999,-999,0,1,STANDBY,TN_DIRECT,TN_E2,TN_NEAR_RT_RIC,1,0.1,2,2,TN_CONTROLLED_COVERAGE_EXTENSION
84.5,tn-uav,2,7,2,1204.85,1,1.24086,-97.7326,HEALTHY,4,HEALTHY,0,0,-999,-999,0,1,STANDBY,TN_DIRECT,TN_E2,TN_NEAR_RT_RIC,1,0.1,2,2,TN_CONTROLLED_COVERAGE_EXTENSION
86.5,tn-uav,0,5,1,2672.26,1,-5.7798,-124.126,UNREACHABLE,56,UNREACHABLE,0,0,-999,-999,0,1,ACTIVE,NO_BACKHAUL_AVAILABLE,NEAR_RT_RIC_SWITCHING_NO_SATELLITE_BACKHAUL,TN_NEAR_RT_RIC,0,0.1,2,2,AUTONOMOUS_LOCAL_ISLAND
86.5,tn-uav,1,6,3,853.287,1,-6.7962,-97.3787,HEALTHY,82,HEALTHY,0,0,-999,-999,0,1,STANDBY,TN_DIRECT,TN_E2,TN_NEAR_RT_RIC,1,0.1,2,2,TN_CONTROLLED_COVERAGE_EXTENSION
86.5,tn-uav,2,7,2,1254.56,1,-1.32629,-101.283,UNREACHABLE,0,HEALTHY,0,0,-999,-999,0,1,STANDBY,TN_DIRECT,TN_E2,TN_NEAR_RT_RIC,1,0.1,2,2,TN_CONTROLLED_COVERAGE_EXTENSION
88.5,tn-uav,0,5,1,2718.61,1,-3.16149,-121.926,UNREACHABLE,58,UNREACHABLE,0,0,-999,-999,0,1,ACTIVE,NO_BACKHAUL_AVAILABLE,NEAR_RT_RIC_SWITCHING_NO_SATELLITE_BACKHAUL,TN_NEAR_RT_RIC,0,0.1,2,2,AUTONOMOUS_LOCAL_ISLAND
88.5,tn-uav,1,6,3,900.284,1,-1.59888,-93.4853,HEALTHY,84,HEALTHY,0,0,-999,-999,0,1,STANDBY,TN_DIRECT,TN_E2,TN_NEAR_RT_RIC,1,0.1,2,2,TN_CONTROLLED_COVERAGE_EXTENSION
88.5,tn-uav,2,7,2,1304.23,1,-3.47419,-104.375,UNREACHABLE,2,HEALTHY,0,0,-999,-999,0,1,STANDBY,TN_DIRECT,TN_E2,TN_NEAR_RT_RIC,1,0.1,2,2,TN_CONTROLLED_COVERAGE_EXTENSION
90.5,tn-uav,0,5,1,2765.08,1,-0.441365,-119.618,UNREACHABLE,60,UNREACHABLE,0,0,-999,-999,0,1,ACTIVE,NO_BACKHAUL_AVAILABLE,NEAR_RT_RIC_SWITCHING_NO_SATELLITE_BACKHAUL,TN_NEAR_RT_RIC,0,0.1,2,2,AUTONOMOUS_LOCAL_ISLAND
90.5,tn-uav,1,6,3,947.681,1,1.66331,-91.471,HEALTHY,86,HEALTHY,0,0,-999,-999,0,1,STANDBY,TN_DIRECT,TN_E2,TN_NEAR_RT_RIC,1,0.1,2,2,TN_CONTROLLED_COVERAGE_EXTENSION
90.5,tn-uav,2,7,2,1353.98,1,-3.17248,-104.984,UNREACHABLE,4,HEALTHY,0,0,-999,-999,0,1,STANDBY,TN_DIRECT,TN_E2,TN_NEAR_RT_RIC,1,0.1,2,2,TN_CONTROLLED_COVERAGE_EXTENSION
92.5,tn-uav,0,5,1,2811.68,1,-0.0381759,-119.621,UNREACHABLE,62,UNREACHABLE,0,0,-999,-999,0,1,ACTIVE,NO_BACKHAUL_AVAILABLE,NEAR_RT_RIC_SWITCHING_NO_SATELLITE_BACKHAUL,TN_NEAR_RT_RIC,0,0.1,2,2,AUTONOMOUS_LOCAL_ISLAND
92.5,tn-uav,1,6,3,995.346,1,-3.561,-97.8887,HEALTHY,88,HEALTHY,0,0,-999,-999,0,1,STANDBY,TN_DIRECT,TN_E2,TN_NEAR_RT_RIC,1,0.1,2,2,TN_CONTROLLED_COVERAGE_EXTENSION
92.5,tn-uav,2,7,2,1403.66,1,-6.29738,-108.985,UNREACHABLE,6,UNREACHABLE,0,0,-999,-999,0,1,ACTIVE,NO_BACKHAUL_AVAILABLE,NEAR_RT_RIC_SWITCHING_NO_SATELLITE_BACKHAUL,TN_NEAR_RT_RIC,0,0.1,2,2,AUTONOMOUS_LOCAL_ISLAND
94.5,tn-uav,0,5,1,2856.89,1,-2.89721,-122.868,UNREACHABLE,64,UNREACHABLE,0,0,-999,-999,0,1,ACTIVE,NO_BACKHAUL_AVAILABLE,NEAR_RT_RIC_SWITCHING_NO_SATELLITE_BACKHAUL,TN_NEAR_RT_RIC,0,0.1,2,2,AUTONOMOUS_LOCAL_ISLAND
94.5,tn-uav,1,6,3,1043.11,1,1.40554,-94.0622,HEALTHY,90,HEALTHY,0,0,-999,-999,0,1,STANDBY,TN_DIRECT,TN_E2,TN_NEAR_RT_RIC,1,0.1,2,2,TN_CONTROLLED_COVERAGE_EXTENSION
94.5,tn-uav,2,7,2,1453.43,1,-4.10168,-107.637,UNREACHABLE,8,UNREACHABLE,0,0,-999,-999,0,1,ACTIVE,NO_BACKHAUL_AVAILABLE,NEAR_RT_RIC_SWITCHING_NO_SATELLITE_BACKHAUL,TN_NEAR_RT_RIC,0,0.1,2,2,AUTONOMOUS_LOCAL_ISLAND
96.5,tn-uav,0,5,1,2903.44,1,-2.00247,-122.367,UNREACHABLE,66,UNREACHABLE,0,0,-999,-999,0,1,ACTIVE,NO_BACKHAUL_AVAILABLE,NEAR_RT_RIC_SWITCHING_NO_SATELLITE_BACKHAUL,TN_NEAR_RT_RIC,0,0.1,2,2,AUTONOMOUS_LOCAL_ISLAND
96.5,tn-uav,1,6,3,1091.15,1,-1.16763,-97.7303,HEALTHY,92,HEALTHY,0,0,-999,-999,0,1,STANDBY,TN_DIRECT,TN_E2,TN_NEAR_RT_RIC,1,0.1,2,2,TN_CONTROLLED_COVERAGE_EXTENSION
96.5,tn-uav,2,7,2,1503.23,1,-0.0357448,-104.39,UNREACHABLE,10,UNREACHABLE,0,0,-999,-999,0,1,ACTIVE,NO_BACKHAUL_AVAILABLE,NEAR_RT_RIC_SWITCHING_NO_SATELLITE_BACKHAUL,TN_NEAR_RT_RIC,0,0.1,2,2,AUTONOMOUS_LOCAL_ISLAND
98.5,tn-uav,0,5,1,2950.49,1,0.213411,-120.542,UNREACHABLE,68,UNREACHABLE,0,0,-999,-999,0,1,ACTIVE,NO_BACKHAUL_AVAILABLE,NEAR_RT_RIC_SWITCHING_NO_SATELLITE_BACKHAUL,TN_NEAR_RT_RIC,0,0.1,2,2,AUTONOMOUS_LOCAL_ISLAND
98.5,tn-uav,1,6,3,1139.36,1,-1.79491,-99.4092,HEALTHY,94,HEALTHY,0,0,-999,-999,0,1,STANDBY,TN_DIRECT,TN_E2,TN_NEAR_RT_RIC,1,0.1,2,2,TN_CONTROLLED_COVERAGE_EXTENSION
98.5,tn-uav,2,7,2,1553.04,1,-2.62997,-107.777,UNREACHABLE,12,UNREACHABLE,0,0,-999,-999,0,1,ACTIVE,NO_BACKHAUL_AVAILABLE,NEAR_RT_RIC_SWITCHING_NO_SATELLITE_BACKHAUL,TN_NEAR_RT_RIC,0,0.1,2,2,AUTONOMOUS_LOCAL_ISLAND
100.5,tn-uav,0,5,1,2997.62,1,2.10929,-119.031,UNREACHABLE,70,UNREACHABLE,0,0,-999,-999,0,1,ACTIVE,NO_BACKHAUL_AVAILABLE,NEAR_RT_RIC_SWITCHING_NO_SATELLITE_BACKHAUL,TN_NEAR_RT_RIC,0,0.1,2,2,AUTONOMOUS_LOCAL_ISLAND
100.5,tn-uav,1,6,3,1187.72,1,-7.12406,-105.749,UNREACHABLE,0,HEALTHY,0,0,-999,-999,0,1,STANDBY,TN_DIRECT,TN_E2,TN_NEAR_RT_RIC,1,0.1,2,2,TN_CONTROLLED_COVERAGE_EXTENSION
100.5,tn-uav,2,7,2,1602.86,1,-5.00041,-110.916,UNREACHABLE,14,UNREACHABLE,0,0,-999,-999,0,1,ACTIVE,NO_BACKHAUL_AVAILABLE,NEAR_RT_RIC_SWITCHING_NO_SATELLITE_BACKHAUL,TN_NEAR_RT_RIC,0,0.1,2,2,AUTONOMOUS_LOCAL_ISLAND
102.5,tn-uav,0,5,1,3044.85,1,-4.66814,-126.189,UNREACHABLE,72,UNREACHABLE,0,0,-999,-999,0,1,ACTIVE,NO_BACKHAUL_AVAILABLE,NEAR_RT_RIC_SWITCHING_NO_SATELLITE_BACKHAUL,TN_NEAR_RT_RIC,0,0.1,2,2,AUTONOMOUS_LOCAL_ISLAND
102.5,tn-uav,1,6,3,1236.19,1,-3.48951,-103.087,UNREACHABLE,2,HEALTHY,0,0,-999,-999,0,1,STANDBY,TN_DIRECT,TN_E2,TN_NEAR_RT_RIC,1,0.1,2,2,TN_CONTROLLED_COVERAGE_EXTENSION
102.5,tn-uav,2,7,2,1652.69,1,-4.525,-111.185,UNREACHABLE,16,UNREACHABLE,0,0,-999,-999,0,1,ACTIVE,NO_BACKHAUL_AVAILABLE,NEAR_RT_RIC_SWITCHING_NO_SATELLITE_BACKHAUL,TN_NEAR_RT_RIC,0,0.1,2,2,AUTONOMOUS_LOCAL_ISLAND
104.5,tn-uav,0,5,1,3092.15,1,0.481545,-121.414,UNREACHABLE,74,UNREACHABLE,0,0,-999,-999,0,1,ACTIVE,NO_BACKHAUL_AVAILABLE,NEAR_RT_RIC_SWITCHING_NO_SATELLITE_BACKHAUL,TN_NEAR_RT_RIC,0,0.1,2,2,AUTONOMOUS_LOCAL_ISLAND
104.5,tn-uav,1,6,3,1284.77,1,1.20617,-99.3292,HEALTHY,0,HEALTHY,0,0,-999,-999,0,1,STANDBY,TN_DIRECT,TN_E2,TN_NEAR_RT_RIC,1,0.1,2,2,TN_CONTROLLED_COVERAGE_EXTENSION
104.5,tn-uav,2,7,2,1702.53,1,0.362643,-107.02,UNREACHABLE,18,UNREACHABLE,0,0,-999,-999,0,1,ACTIVE,NO_BACKHAUL_AVAILABLE,NEAR_RT_RIC_SWITCHING_NO_SATELLITE_BACKHAUL,TN_NEAR_RT_RIC,0,0.1,2,2,AUTONOMOUS_LOCAL_ISLAND
106.5,tn-uav,0,5,1,3139.53,1,-0.642563,-122.908,UNREACHABLE,76,UNREACHABLE,0,0,-999,-999,0,1,ACTIVE,NO_BACKHAUL_AVAILABLE,NEAR_RT_RIC_SWITCHING_NO_SATELLITE_BACKHAUL,TN_NEAR_RT_RIC,0,0.1,2,2,AUTONOMOUS_LOCAL_ISLAND
106.5,tn-uav,1,6,3,1333.3,1,-0.103918,-101.541,UNREACHABLE,0,HEALTHY,0,0,-999,-999,0,1,STANDBY,TN_DIRECT,TN_E2,TN_NEAR_RT_RIC,1,0.1,2,2,TN_CONTROLLED_COVERAGE_EXTENSION
106.5,tn-uav,2,7,2,1752.36,1,-1.96361,-110.048,UNREACHABLE,20,UNREACHABLE,0,0,-999,-999,0,1,ACTIVE,NO_BACKHAUL_AVAILABLE,NEAR_RT_RIC_SWITCHING_NO_SATELLITE_BACKHAUL,TN_NEAR_RT_RIC,0,0.1,2,2,AUTONOMOUS_LOCAL_ISLAND
108.5,tn-uav,0,5,1,3186.33,1,-1.07815,-123.704,UNREACHABLE,78,UNREACHABLE,0,0,-999,-999,0,1,ACTIVE,NO_BACKHAUL_AVAILABLE,NEAR_RT_RIC_SWITCHING_NO_SATELLITE_BACKHAUL,TN_NEAR_RT_RIC,0,0.1,2,2,AUTONOMOUS_LOCAL_ISLAND
108.5,tn-uav,1,6,3,1381.91,1,-0.94349,-103.251,UNREACHABLE,2,HEALTHY,0,0,-999,-999,0,1,STANDBY,TN_DIRECT,TN_E2,TN_NEAR_RT_RIC,1,0.1,2,2,TN_CONTROLLED_COVERAGE_EXTENSION
108.5,tn-uav,2,7,2,1802.15,1,0.799759,-107.966,UNREACHABLE,22,UNREACHABLE,0,0,-999,-999,0,1,ACTIVE,NO_BACKHAUL_AVAILABLE,NEAR_RT_RIC_SWITCHING_NO_SATELLITE_BACKHAUL,TN_NEAR_RT_RIC,0,0.1,2,2,AUTONOMOUS_LOCAL_ISLAND
110.5,tn-uav,0,5,1,3200.07,1,-1.14087,-123.871,UNREACHABLE,80,UNREACHABLE,0,0,-999,-999,0,1,ACTIVE,NO_BACKHAUL_AVAILABLE,NEAR_RT_RIC_SWITCHING_NO_SATELLITE_BACKHAUL,TN_NEAR_RT_RIC,0,0.1,2,2,AUTONOMOUS_LOCAL_ISLAND
110.5,tn-uav,1,6,3,1410.67,1,-1.31035,-104.119,UNREACHABLE,4,HEALTHY,0,0,-999,-999,0,1,STANDBY,TN_DIRECT,TN_E2,TN_NEAR_RT_RIC,1,0.1,2,2,TN_CONTROLLED_COVERAGE_EXTENSION
110.5,tn-uav,2,7,2,1840.74,1,-4.29952,-113.58,UNREACHABLE,24,UNREACHABLE,0,0,-999,-999,0,1,ACTIVE,NO_BACKHAUL_AVAILABLE,NEAR_RT_RIC_SWITCHING_NO_SATELLITE_BACKHAUL,TN_NEAR_RT_RIC,0,0.1,2,2,AUTONOMOUS_LOCAL_ISLAND
112.5,tn-uav,0,5,1,3241.15,1,-8.09148,-131.132,UNREACHABLE,82,UNREACHABLE,0,0,-999,-999,0,1,ACTIVE,NO_BACKHAUL_AVAILABLE,NEAR_RT_RIC_SWITCHING_NO_SATELLITE_BACKHAUL,TN_NEAR_RT_RIC,0,0.1,2,2,AUTONOMOUS_LOCAL_ISLAND
112.5,tn-uav,1,6,3,1455.01,1,-1.44985,-105.012,UNREACHABLE,6,UNREACHABLE,0,0,-999,-999,0,1,ACTIVE,NO_BACKHAUL_AVAILABLE,NEAR_RT_RIC_SWITCHING_NO_SATELLITE_BACKHAUL,TN_NEAR_RT_RIC,0,0.1,2,2,AUTONOMOUS_LOCAL_ISLAND
112.5,tn-uav,2,7,2,1887.74,1,-0.0166128,-109.911,UNREACHABLE,26,UNREACHABLE,0,0,-999,-999,0,1,ACTIVE,NO_BACKHAUL_AVAILABLE,NEAR_RT_RIC_SWITCHING_NO_SATELLITE_BACKHAUL,TN_NEAR_RT_RIC,0,0.1,2,2,AUTONOMOUS_LOCAL_ISLAND
114.5,tn-uav,0,5,1,3288.54,1,1.76639,-121.627,UNREACHABLE,84,UNREACHABLE,0,0,-999,-999,0,1,ACTIVE,NO_BACKHAUL_AVAILABLE,NEAR_RT_RIC_SWITCHING_NO_SATELLITE_BACKHAUL,TN_NEAR_RT_RIC,0,0.1,2,2,AUTONOMOUS_LOCAL_ISLAND
114.5,tn-uav,1,6,3,1504.14,1,-1.31114,-105.681,UNREACHABLE,8,UNREACHABLE,0,0,-999,-999,0,1,ACTIVE,NO_BACKHAUL_AVAILABLE,NEAR_RT_RIC_SWITCHING_NO_SATELLITE_BACKHAUL,TN_NEAR_RT_RIC,0,0.1,2,2,AUTONOMOUS_LOCAL_ISLAND
114.5,tn-uav,2,7,2,1937.37,1,-2.42698,-112.952,UNREACHABLE,28,UNREACHABLE,0,0,-999,-999,0,1,ACTIVE,NO_BACKHAUL_AVAILABLE,NEAR_RT_RIC_SWITCHING_NO_SATELLITE_BACKHAUL,TN_NEAR_RT_RIC,0,0.1,2,2,AUTONOMOUS_LOCAL_ISLAND
116.5,tn-uav,0,5,1,3330.62,1,1.4135,-122.289,UNREACHABLE,86,UNREACHABLE,0,0,-999,-999,0,1,ACTIVE,NO_BACKHAUL_AVAILABLE,NEAR_RT_RIC_SWITCHING_NO_SATELLITE_BACKHAUL,TN_NEAR_RT_RIC,0,0.1,2,2,AUTONOMOUS_LOCAL_ISLAND
116.5,tn-uav,1,6,3,1553.26,1,-3.31997,-108.471,UNREACHABLE,10,UNREACHABLE,0,0,-999,-999,0,1,ACTIVE,NO_BACKHAUL_AVAILABLE,NEAR_RT_RIC_SWITCHING_NO_SATELLITE_BACKHAUL,TN_NEAR_RT_RIC,0,0.1,2,2,AUTONOMOUS_LOCAL_ISLAND
116.5,tn-uav,2,7,2,1987.19,1,-1.66062,-112.803,UNREACHABLE,30,UNREACHABLE,0,0,-999,-999,0,1,ACTIVE,NO_BACKHAUL_AVAILABLE,NEAR_RT_RIC_SWITCHING_NO_SATELLITE_BACKHAUL,TN_NEAR_RT_RIC,0,0.1,2,2,AUTONOMOUS_LOCAL_ISLAND
118.5,tn-uav,0,5,1,3337.33,1,-3.79994,-127.552,UNREACHABLE,88,UNREACHABLE,0,0,-999,-999,0,1,ACTIVE,NO_BACKHAUL_AVAILABLE,NEAR_RT_RIC_SWITCHING_NO_SATELLITE_BACKHAUL,TN_NEAR_RT_RIC,0,0.1,2,2,AUTONOMOUS_LOCAL_ISLAND
118.5,tn-uav,1,6,3,1582.78,1,-2.20549,-107.814,UNREACHABLE,12,UNREACHABLE,0,0,-999,-999,0,1,ACTIVE,NO_BACKHAUL_AVAILABLE,NEAR_RT_RIC_SWITCHING_NO_SATELLITE_BACKHAUL,TN_NEAR_RT_RIC,0,0.1,2,2,AUTONOMOUS_LOCAL_ISLAND
118.5,tn-uav,2,7,2,2024.37,1,-1.78177,-113.375,UNREACHABLE,32,UNREACHABLE,0,0,-999,-999,0,1,ACTIVE,NO_BACKHAUL_AVAILABLE,NEAR_RT_RIC_SWITCHING_NO_SATELLITE_BACKHAUL,TN_NEAR_RT_RIC,0,0.1,2,2,AUTONOMOUS_LOCAL_ISLAND
