episode,return,epsilon,mean_loss,environment_steps,greedy_action,action_counts
0,0.09999999999999946,0.9987333333333334,,40,17,"[0, 0, 3, 1, 2, 0, 4, 2, 0, 1, 1, 3, 4, 2, 0, 1, 2, 1, 4, 1, 2, 4, 0, 1, 1]"
1,0.09999999999999991,0.9974666666666666,0.019747658795334726,80,7,"[1, 2, 0, 3, 1, 0, 3, 2, 0, 2, 2, 2, 2, 1, 0, 4, 4, 1, 1, 3, 1, 0, 4, 0, 1]"
2,0.0999999999999988,0.9962,0.012941344972296065,120,7,"[1, 1, 0, 2, 0, 2, 1, 2, 1, 3, 1, 2, 3, 1, 4, 0, 1, 4, 0, 3, 3, 1, 1, 1, 2]"
3,-0.9500000000000005,0.9949333333333333,0.0009662096269039466,160,7,"[3, 0, 1, 3, 1, 1, 1, 1, 2, 3, 1, 2, 0, 2, 1, 4, 2, 1, 2, 1, 0, 3, 1, 2, 2]"
4,-2.000000000000001,0.9936666666666667,3.066000483613607e-05,200,7,"[4, 1, 7, 3, 2, 0, 3, 0, 3, 1, 0, 4, 0, 0, 0, 1, 3, 0, 2, 0, 1, 1, 1, 1, 2]"
5,-0.9500000000000011,0.9924,2.528472724634412e-05,240,7,"[1, 2, 1, 1, 5, 1, 1, 1, 1, 2, 1, 1, 3, 2, 3, 1, 1, 1, 2, 1, 4, 1, 1, 1, 1]"
6,-0.9500000000000007,0.9911333333333333,2.2777580568345e-05,280,7,"[3, 0, 2, 1, 1, 2, 1, 1, 1, 3, 2, 1, 0, 3, 1, 2, 2, 3, 1, 1, 1, 0, 1, 1, 6]"
7,-2.000000000000001,0.9898666666666667,2.2677329019415994e-05,320,7,"[2, 2, 1, 3, 1, 1, 2, 0, 1, 3, 5, 2, 2, 2, 1, 1, 2, 1, 2, 2, 2, 0, 1, 0, 1]"
8,2.1999999999999993,0.9886,2.199263606144086e-05,360,7,"[0, 2, 2, 2, 2, 0, 3, 4, 2, 0, 3, 1, 1, 2, 0, 3, 2, 1, 1, 2, 1, 2, 1, 1, 2]"
9,-2.000000000000001,0.9873333333333333,1.960395194373632e-05,400,7,"[0, 1, 2, 1, 2, 3, 1, 0, 3, 1, 3, 0, 3, 1, 2, 1, 1, 2, 2, 2, 2, 2, 1, 2, 2]"
10,1.1499999999999992,0.9860666666666666,2.3792572585534798e-05,440,7,"[1, 0, 5, 1, 1, 3, 3, 3, 1, 2, 3, 1, 2, 0, 2, 0, 0, 1, 1, 0, 3, 2, 3, 1, 1]"
11,1.1499999999999986,0.9848,2.0669153576591272e-05,480,7,"[1, 0, 1, 2, 1, 2, 2, 3, 1, 4, 1, 2, 2, 1, 2, 1, 0, 1, 0, 2, 4, 2, 4, 0, 1]"
12,-0.9500000000000007,0.9835333333333334,2.5148141526187827e-05,520,7,"[1, 2, 1, 3, 2, 1, 3, 1, 1, 0, 2, 0, 3, 0, 1, 0, 2, 0, 5, 0, 3, 3, 2, 1, 3]"
13,-0.9500000000000008,0.9822666666666666,2.656060931940374e-05,560,7,"[1, 2, 2, 1, 1, 1, 0, 1, 2, 2, 2, 2, 1, 1, 1, 1, 2, 2, 3, 0, 2, 1, 4, 3, 2]"
14,2.1999999999999984,0.981,1.4001606763258678e-05,600,7,"[2, 0, 4, 2, 0, 0, 4, 4, 2, 1, 0, 0, 1, 0, 2, 1, 2, 0, 2, 1, 2, 4, 2, 1, 3]"
15,1.1499999999999986,0.9797333333333333,2.0780144291165924e-05,640,7,"[0, 1, 0, 1, 1, 1, 1, 3, 1, 2, 1, 2, 1, 2, 1, 2, 3, 2, 1, 2, 4, 1, 0, 3, 4]"
16,-2.000000000000001,0.9784666666666667,1.911211155629644e-05,680,7,"[4, 2, 2, 0, 0, 4, 0, 0, 2, 1, 1, 3, 3, 2, 3, 2, 0, 2, 0, 3, 0, 1, 1, 3, 1]"
17,-0.9500000000000002,0.9772,2.6907949609267236e-05,720,7,"[0, 1, 2, 2, 4, 4, 1, 1, 0, 2, 2, 2, 1, 1, 0, 2, 2, 1, 1, 1, 3, 1, 2, 1, 3]"
18,2.1999999999999997,0.9759333333333333,2.514313636652332e-05,760,7,"[0, 0, 0, 3, 1, 3, 3, 4, 2, 2, 0, 1, 3, 0, 2, 2, 1, 3, 0, 2, 2, 1, 1, 3, 1]"
19,3.250000000000001,0.9746666666666667,2.0738391356189823e-05,800,7,"[1, 3, 2, 2, 1, 0, 0, 5, 1, 0, 2, 2, 4, 0, 1, 0, 3, 0, 0, 4, 2, 1, 2, 3, 1]"
20,-0.9500000000000008,0.9734,2.1154927105726527e-05,840,7,"[3, 0, 2, 2, 1, 2, 1, 1, 2, 0, 0, 1, 1, 2, 4, 1, 2, 1, 2, 2, 2, 3, 2, 1, 2]"
21,2.2000000000000015,0.9721333333333333,2.2428493070947298e-05,880,7,"[1, 0, 2, 1, 1, 2, 2, 4, 2, 1, 3, 1, 2, 3, 3, 0, 0, 0, 2, 4, 2, 0, 2, 0, 2]"
22,0.09999999999999958,0.9708666666666667,1.8799534052504897e-05,920,7,"[1, 3, 1, 2, 4, 3, 0, 2, 1, 3, 1, 1, 2, 1, 1, 1, 1, 2, 1, 0, 2, 3, 1, 2, 1]"
23,1.1499999999999986,0.9696,2.2999627833542036e-05,960,7,"[1, 1, 0, 1, 0, 1, 1, 3, 1, 2, 2, 2, 1, 2, 2, 2, 3, 3, 2, 3, 2, 0, 1, 3, 1]"
24,0.09999999999999946,0.9683333333333334,1.801398521479314e-05,1000,7,"[3, 1, 1, 1, 0, 2, 1, 2, 1, 2, 2, 2, 1, 2, 3, 1, 2, 0, 1, 2, 1, 2, 2, 3, 2]"
25,-0.9500000000000006,0.9670666666666666,0.1446467509958893,1040,7,"[0, 1, 2, 0, 1, 2, 1, 1, 2, 0, 0, 1, 3, 2, 6, 3, 4, 1, 0, 4, 2, 2, 2, 0, 0]"
26,4.3000000000000025,0.9658,0.013660910099861211,1080,7,"[0, 3, 1, 2, 1, 1, 2, 6, 1, 2, 2, 1, 0, 1, 3, 0, 2, 2, 2, 1, 1, 1, 2, 1, 2]"
27,1.149999999999999,0.9645333333333334,0.01356517474487191,1120,7,"[1, 2, 0, 1, 1, 2, 1, 3, 1, 1, 1, 2, 1, 2, 2, 1, 2, 1, 4, 2, 1, 3, 4, 0, 1]"
28,0.09999999999999946,0.9632666666666667,0.011713110916753066,1160,7,"[1, 1, 2, 2, 1, 6, 0, 2, 4, 0, 2, 3, 0, 2, 0, 2, 2, 1, 0, 0, 1, 2, 2, 0, 4]"
29,1.1499999999999997,0.962,0.011122134376637404,1200,7,"[0, 0, 0, 1, 3, 0, 1, 3, 3, 2, 6, 2, 1, 1, 1, 2, 2, 0, 2, 1, 3, 1, 3, 2, 0]"
30,2.2000000000000006,0.9607333333333333,0.010994275753182592,1240,7,"[2, 3, 0, 2, 4, 0, 1, 4, 1, 1, 2, 1, 2, 1, 1, 1, 3, 0, 5, 0, 0, 2, 2, 0, 2]"
31,1.1499999999999992,0.9594666666666667,0.014195269158517477,1280,7,"[1, 2, 0, 4, 0, 0, 1, 3, 2, 0, 0, 4, 2, 4, 2, 1, 1, 2, 2, 1, 4, 0, 1, 3, 0]"
32,0.09999999999999996,0.9582,0.011716644449916203,1320,7,"[0, 1, 4, 3, 2, 4, 1, 2, 1, 3, 0, 1, 0, 1, 1, 2, 2, 0, 1, 3, 2, 1, 2, 1, 2]"
33,4.300000000000003,0.9569333333333333,0.011743242764350726,1360,7,"[0, 1, 4, 1, 1, 0, 3, 6, 2, 5, 2, 3, 0, 2, 0, 0, 0, 3, 2, 1, 0, 0, 4, 0, 0]"
34,-0.9500000000000008,0.9556666666666667,0.011575035469286376,1400,7,"[0, 2, 1, 1, 6, 2, 2, 1, 1, 1, 2, 1, 4, 1, 1, 2, 1, 2, 1, 0, 0, 2, 1, 4, 1]"
35,0.0999999999999988,0.9544,0.011722851150261704,1440,7,"[1, 2, 0, 2, 1, 3, 1, 2, 0, 2, 0, 1, 1, 2, 1, 1, 2, 3, 6, 0, 1, 1, 2, 4, 1]"
36,4.3,0.9531333333333334,0.011196115895290858,1480,7,"[0, 1, 5, 2, 1, 1, 0, 6, 0, 1, 1, 1, 3, 2, 3, 0, 0, 2, 1, 1, 5, 1, 2, 0, 1]"
37,1.1499999999999995,0.9518666666666666,0.012725763948401437,1520,7,"[2, 3, 0, 0, 1, 3, 2, 3, 1, 1, 1, 0, 0, 3, 0, 0, 1, 1, 2, 1, 4, 2, 2, 6, 1]"
38,1.1499999999999997,0.9506,0.012161546631978127,1560,7,"[3, 0, 3, 1, 0, 3, 1, 3, 1, 1, 4, 2, 3, 2, 1, 0, 1, 0, 1, 1, 3, 0, 1, 2, 3]"
39,0.0999999999999998,0.9493333333333334,0.013924209857941605,1600,7,"[3, 2, 1, 4, 2, 4, 0, 2, 0, 3, 2, 0, 0, 3, 1, 3, 3, 2, 1, 1, 1, 1, 0, 1, 0]"
40,3.2500000000000044,0.9480666666666666,0.010574314768746262,1640,7,"[0, 2, 0, 0, 2, 2, 3, 5, 0, 3, 0, 3, 1, 1, 1, 5, 1, 1, 2, 2, 2, 2, 1, 0, 1]"
41,1.149999999999999,0.9468,0.010178570791322273,1680,7,"[1, 2, 3, 3, 1, 0, 4, 3, 4, 1, 1, 2, 1, 2, 3, 1, 0, 1, 1, 2, 0, 1, 0, 1, 2]"
42,0.09999999999999963,0.9455333333333333,0.009008225225625211,1720,7,"[2, 2, 0, 0, 2, 0, 1, 2, 1, 1, 1, 0, 3, 2, 0, 1, 1, 4, 3, 0, 2, 2, 2, 4, 4]"
43,0.09999999999999974,0.9442666666666667,0.011315356640261598,1760,7,"[1, 1, 1, 0, 4, 2, 0, 2, 4, 0, 0, 0, 1, 1, 2, 0, 2, 0, 3, 5, 4, 2, 2, 2, 1]"
44,2.200000000000001,0.9430000000000001,0.009954547040251782,1800,7,"[1, 2, 1, 1, 3, 2, 2, 4, 1, 1, 1, 1, 2, 1, 1, 3, 1, 1, 2, 2, 1, 3, 0, 1, 2]"
45,2.2000000000000046,0.9417333333333333,0.012682703656173544,1840,7,"[2, 1, 2, 1, 0, 1, 0, 4, 0, 3, 2, 3, 2, 2, 2, 3, 2, 0, 0, 3, 3, 1, 2, 1, 0]"
46,2.1999999999999993,0.9404666666666667,0.016989933472359553,1880,7,"[3, 0, 2, 2, 2, 0, 0, 4, 0, 1, 1, 2, 5, 1, 0, 1, 3, 2, 3, 0, 1, 3, 2, 0, 2]"
47,5.350000000000005,0.9392,0.01745439305959735,1920,7,"[2, 3, 5, 0, 1, 2, 1, 7, 2, 1, 1, 2, 1, 2, 0, 1, 2, 0, 4, 0, 2, 0, 1, 0, 0]"
48,1.149999999999999,0.9379333333333333,0.012395471209310926,1960,7,"[1, 2, 1, 2, 2, 0, 5, 3, 2, 1, 2, 0, 1, 1, 2, 0, 3, 3, 1, 0, 6, 0, 0, 2, 0]"
49,-0.9500000000000011,0.9366666666666666,0.009567559765855549,2000,7,"[1, 1, 5, 0, 1, 1, 0, 1, 3, 0, 3, 1, 1, 2, 1, 2, 2, 3, 2, 1, 0, 1, 1, 6, 1]"
